source,sourceLabel,target,targetLabel,edgeLabel
375491,H.E. ANG VONG VATHANA,500209,Imre KOKENYESI and Benedek Balint KOKENYESI,registered address
375491,H.E. ANG VONG VATHANA,51918,RCD INTERNATIONAL LTD,Shareholder
667755,Ang Vong Vathana,51918,RCD INTERNATIONAL LTD,Shareholder
582980,CORPORATE MANAGEMENT SERVICES LIMITED,51918,RCD INTERNATIONAL LTD,registered
588485,PRIME PARTNERS S.A.,61851,REFILL TRADING CORP.,registered
455430,THE BEARER,61851,REFILL TRADING CORP.,Shareholder
667754,João Lyra,61851,REFILL TRADING CORP.,Power of attorney
467936,PAWEL BARTLOMIEJ PISKORSKI,525230,"Al. Prymasa Tysiaclecia 93/4 01-242 Warsaw Poland",registered address
586932,TAXWAYS LIMITED,16835,STARDALE MANAGEMENT INC.,registered
662786,PAWEL PISKORSKI,16835,STARDALE MANAGEMENT INC.,Beneficiay
467936,PAWEL BARTLOMIEJ PISKORSKI,16835,STARDALE MANAGEMENT INC.,Beneficial Owner
467931,THE BEARER,16835,STARDALE MANAGEMENT INC.,Shareholder
467933,THE BEARER,16835,STARDALE MANAGEMENT INC.,Shareholder
467932,THE BEARER,16835,STARDALE MANAGEMENT INC.,Shareholder
467934,THE BEARER,16835,STARDALE MANAGEMENT INC.,Shareholder
467936,PAWEL BARTLOMIEJ PISKORSKI,16835,STARDALE MANAGEMENT INC.,Shareholder
344591,Krzysztof Kubala,16835,STARDALE MANAGEMENT INC.,Shareholder
467930,THE BEARER,16835,STARDALE MANAGEMENT INC.,Shareholder
586541,COMPANY REGISTRATION & BUSINESS SERVICES LIMITED,33065,EXCELLE MEDIA INTERNATIONAL LTD.,registered
586541,COMPANY REGISTRATION & BUSINESS SERVICES LIMITED,142697,MAYER & COLLINS TRADING COMPANY LTD.,registered
499449,Dr. Zsolt HORVATH,576128,PO BOX 50498 - Riyadh 11523 - Saudi Arabia,registered address
499532,Imre KOKENYESI and Benedek Balint KOKENYESI,541420,Doha<br/>Al Wajba Palace<br/>Qatar,registered address
499500,Imre KOKENYESI,541419,Doha<br/>Al Wajba Palace<br/>Qatar,registered address
499449,Dr. Zsolt HORVATH,142697,MAYER & COLLINS TRADING COMPANY LTD.,Director
499449,Dr. Zsolt HORVATH,33065,EXCELLE MEDIA INTERNATIONAL LTD.,Director
497961,FIDELITY HOLDINGS LTD.,142697,MAYER & COLLINS TRADING COMPANY LTD.,Shareholder
499531,ALTUS MANAGEMENT LTD,142697,MAYER & COLLINS TRADING COMPANY LTD.,Shareholder
499532,Imre KOKENYESI and Benedek Balint KOKENYESI,142697,MAYER & COLLINS TRADING COMPANY LTD.,Shareholder
499500,Imre KOKENYESI,142697,MAYER & COLLINS TRADING COMPANY LTD.,Shareholder
499449,Dr. Zsolt HORVATH,142697,MAYER & COLLINS TRADING COMPANY LTD.,Shareholder
358328,CORE Limited,33065,EXCELLE MEDIA INTERNATIONAL LTD.,Shareholder
667772,James Ibori,183324,FINANCIAL ADVISORY GROUP LTD.,is officer of
667772,James Ibori,221347,HUNGLEVEST CORPORATION,is officer of
667772,James Ibori,168837,JULEX FOUNDATION,is officer of
667772,James Ibori,252265,STANHOPE INVESTMENTS LTD.,is officer of
593777,CLAMORGAN S.A.,252265,STANHOPE INVESTMENTS LTD.,registered
593777,CLAMORGAN S.A.,221347,HUNGLEVEST CORPORATION,registered
593777,CLAMORGAN S.A.,168837,JULEX FOUNDATION,registered
432771,THE BEARER,221347,HUNGLEVEST CORPORATION,is officer of
359341,Ian Stuart Kirby,547269,Mokolodi  Estates P.O. Box 170Gaborone Botswana,registered address
360057,Ian Stuart Kirb,547269,Mokolodi  Estates P.O. Box 170Gaborone Botswana,registered address
591662,CANNON ASSET MANAGEMENT LTD.,264048,BEACHLEIGH HOLDINGS LIMITED,registered
591662,CANNON ASSET MANAGEMENT LTD.,285117,BELLBROOK ESTATES LIMITED,registered
591662,CANNON ASSET MANAGEMENT LTD.,65126,JAYE LIMITED,registered
591662,CANNON ASSET MANAGEMENT LTD.,218731,INLAY PROPERTIES LIMITED,registered
591662,CANNON ASSET MANAGEMENT LTD.,284439,NORTHCROFT LIMITED,registered
591662,CANNON ASSET MANAGEMENT LTD.,8422,ALLMONDE COMPANY LIMITED,registered
360057,Ian Stuart Kirb,285117,BELLBROOK ESTATES LIMITED,Shareholder
359341,Ian Stuart Kirby,284439,NORTHCROFT LIMITED,Shareholder
359341,Ian Stuart Kirby,12465,COWIN PROPERTIES LIMITED,Shareholder
359341,Ian Stuart Kirby,264048,BEACHLEIGH HOLDINGS LIMITED,Shareholder
359341,Ian Stuart Kirby,218731,INLAY PROPERTIES LIMITED,Shareholder
359341,Ian Stuart Kirby,8422,ALLMONDE COMPANY LIMITED,Shareholder
359341,Ian Stuart Kirby,65126,JAYE LIMITED,Shareholder
591662,CANNON ASSET MANAGEMENT LTD.,12465,COWIN PROPERTIES LIMITED,registered
588084,APIC HOLDING,70846,ARAB PALESTINIAN INVESTMENT (HOLDING) COMPANY LTD.,registered
306932,Palestine Investement Fund,558959,P. O. Box 413 / Ramallah  - Palestine,registered address
306932,Palestine Investement Fund,70846,ARAB PALESTINIAN INVESTMENT (HOLDING) COMPANY LTD.,Shareholder
667747,José Maria Botelho de Vasconcelos,144669,MEDEA INVESTMENTS LIMITED,is officer of
667747,José Maria Botelho de Vasconcelos,163792,MEDEA INVESTMENTS LIMITED,is officer of
475992,THE BEARER,144669,MEDEA INVESTMENTS LIMITED,is officer of
583355,ESTUDIO LEGAL ROCA & ASOCIADOS,144669,MEDEA INVESTMENTS LIMITED,registered
583355,ESTUDIO LEGAL ROCA & ASOCIADOS,163792,MEDEA INVESTMENTS LIMITED,registered
403398,THE BEARER,163792,MEDEA INVESTMENTS LIMITED,is officer of
398871,Patrick Henri Devillers,552278,"No. 318 Building K Huiyuan Apartment Asian Olympic Village Chaoyang District Beijing China",registered address
659363,Patrick Henri Devillers,552278,"No. 318 Building K Huiyuan Apartment Asian Olympic Village Chaoyang District Beijing China",registered address
593661,FIRST NAMES GROUP (JERSEY),222385,RUSSELL PROPERTIES S.A.,registered
398871,Patrick Henri Devillers,659363,Patrick Henri Devillers,has similar name and address as
659363,Patrick Henri Devillers,222385,RUSSELL PROPERTIES S.A.,Beneficiary
398871,Patrick Henri Devillers,222385,RUSSELL PROPERTIES S.A.,Director and shareholder
398870,IFG Secretaries Limited,542578,"IFG House 15 Union Street St. Helier Jersey - Jersey Channel Islands JE1 1FG",registered address
320219,IFG Secretaries Limited,393432,IFG Secretaries Limited,has similar name and address as
398870,IFG Secretaries Limited,320219,IFG Secretaries Limited,has similar name and address as
398870,IFG Secretaries Limited,393432,IFG Secretaries Limited,has similar name and address as
398870,IFG Secretaries Limited,222385,RUSSELL PROPERTIES S.A.,Shareholder
398869,IFG Trust Channel Islands) Limited,222385,RUSSELL PROPERTIES S.A.,Shareholder
398871,Patrick Henri Devillers,222385,RUSSELL PROPERTIES S.A.,Shareholder
398869,IFG Trust Channel Islands) Limited,542578,"IFG House 15 Union Street St. Helier Jersey - Jersey Channel Islands JE1 1FG",registered address
320219,IFG Secretaries Limited,542567,IFG House 15 Union Street St Helier Jersey Channel Islands Je1 1FG,registered address
320219,IFG Secretaries Limited,227328,MULLIGAN ASSOCIATES SA,Shareholder
320219,IFG Secretaries Limited,32340,VERDANE COMPANY INC.,Shareholder
593661,FIRST NAMES GROUP (JERSEY),227328,MULLIGAN ASSOCIATES SA,registered
393432,IFG Secretaries Limited,542569,IFG House 15 Union Street St Helier Jersey Channel Islands Je1 1FG,registered address
393432,IFG Secretaries Limited,246682,SANDS INVEST & FINANCE LIMITED,Shareholder
593661,FIRST NAMES GROUP (JERSEY),246682,SANDS INVEST & FINANCE LIMITED,registered
583363,"TAYLOR MAURICE",118187,NEDSTAR COMMERCIAL LIMITED,registered
583363,"TAYLOR MAURICE",186424,NEWINGTON GROUP TRADING LIMITED,registered
583363,"TAYLOR MAURICE",114292,BISCAY EXPORTS LIMITED [BISCAY OVERSEAS LIMITED],registered
583363,"TAYLOR MAURICE",195448,KRIMS INVESTMENTS INC.,registered
583363,"TAYLOR MAURICE",211515,The Pruak Foundation,registered
583363,"TAYLOR MAURICE",225354,THE NEDSTAR FOUNDATION,registered
375778,MR. ANURAG KEJRIWAL,523735,A23 1ST FLOOR PREET VIHAR DELHI 110092 INDIA,registered address
375777,MRS. TARA KEJRIWAL,523735,A23 1ST FLOOR PREET VIHAR DELHI 110092 INDIA,registered address
375783,THE NEDSTAR FOUNDATION,547603,Mokolodi  Estates P.O. Box 170Gaborone Botswana,registered address
375781,Tara KEJRIWAL,523735,A23 1ST FLOOR PREET VIHAR DELHI 110092 INDIA,registered address
375780,Anurag KEJRIWAL,523735,A23 1ST FLOOR PREET VIHAR DELHI 110092 INDIA,registered address
375779,MRS. UTTARA KEJRIWAL,393287,Mrs. Uttara KEJRIWAL,has similar name and address as
375779,MRS. UTTARA KEJRIWAL,523735,A23 1ST FLOOR PREET VIHAR DELHI 110092 INDIA,registered address
375782,Uttara KEJRIWAL,523735,A23 1ST FLOOR PREET VIHAR DELHI 110092 INDIA,registered address
375776,Anurag Intex (Chem) Private Limited,514762,3RD FLOOR NEELAM APARTMENTS 61B PARK STREET KOLKATA 700016 INDIA,registered address
393288,The Pruak Foundation,557142,"No. 318 Building K Huiyuan Apartment Asian Olympic Village Chaoyang District Beijing China",registered address
393287,Mrs. Uttara KEJRIWAL,523734,9 Hrushevskoho Street<br/>ap. 37<br/>Kyiv<br/>Ukraine,registered address
388661,THE NEDSTAR FOUNDATION,535773,Doha<br/>Al Wajba Palace<br/>Qatar,registered address
396540,THE PRUAK FOUNDATION,547594,Mokolodi  Estates P.O. Box 170Gaborone Botswana,registered address
667751,Anurag Kejriwal,225354,THE NEDSTAR FOUNDATION,Beneficial Owner
667751,Anurag Kejriwal,211515,The Pruak Foundation,Beneficial Owner
667751,Anurag Kejriwal,118187,NEDSTAR COMMERCIAL LIMITED,Director
667751,Anurag Kejriwal,186424,NEWINGTON GROUP TRADING LIMITED,Director
667751,Anurag Kejriwal,195448,KRIMS INVESTMENTS INC.,Director / Shareholder
667751,Anurag Kejriwal,114292,BISCAY EXPORTS LIMITED [BISCAY OVERSEAS LIMITED],Power of Attorney
393287,Mrs. Uttara KEJRIWAL,195448,KRIMS INVESTMENTS INC.,Shareholder
393288,The Pruak Foundation,195448,KRIMS INVESTMENTS INC.,Shareholder
396540,THE PRUAK FOUNDATION,114292,BISCAY EXPORTS LIMITED [BISCAY OVERSEAS LIMITED],Shareholder
388661,THE NEDSTAR FOUNDATION,186424,NEWINGTON GROUP TRADING LIMITED,Shareholder
375777,MRS. TARA KEJRIWAL,118187,NEDSTAR COMMERCIAL LIMITED,Shareholder
375783,THE NEDSTAR FOUNDATION,118187,NEDSTAR COMMERCIAL LIMITED,Shareholder
375779,MRS. UTTARA KEJRIWAL,118187,NEDSTAR COMMERCIAL LIMITED,Shareholder
375776,Anurag Intex (Chem) Private Limited,118187,NEDSTAR COMMERCIAL LIMITED,Shareholder
375780,Anurag KEJRIWAL,118187,NEDSTAR COMMERCIAL LIMITED,Shareholder
375778,MR. ANURAG KEJRIWAL,118187,NEDSTAR COMMERCIAL LIMITED,Shareholder
375782,Uttara KEJRIWAL,118187,NEDSTAR COMMERCIAL LIMITED,Shareholder
375781,Tara KEJRIWAL,118187,NEDSTAR COMMERCIAL LIMITED,Shareholder
581722,GESTRUST S.A.,106064,RINCONADA INVESTMENTS GROUP S.A.,registered
437636,THE BEARER,106064,RINCONADA INVESTMENTS GROUP S.A.,Shareholder
667732,Micaela Domecq Solís-Beaumont,106064,RINCONADA INVESTMENTS GROUP S.A.,Authorized signatory
585403,UBS (FRANCE) S.A.,74711,HAVELOCK CAPITAL CORPORATION,registered
585403,UBS (FRANCE) S.A.,17197,ALYNETH LIMITED,registered
378028,Mohammad Bin Naif Bin Abdulaziz Al Saud,559279,PO BOX 50498 - Riyadh 11523 - Saudi Arabia,registered address
378028,Mohammad Bin Naif Bin Abdulaziz Al Saud,74711,HAVELOCK CAPITAL CORPORATION,Power of Attorney
378028,Mohammad Bin Naif Bin Abdulaziz Al Saud,17197,ALYNETH LIMITED,Shareholder
378028,Mohammad Bin Naif Bin Abdulaziz Al Saud,17197,ALYNETH LIMITED,Shareholder
447863,THE BEARER,74711,HAVELOCK CAPITAL CORPORATION,Shareholder
667741,Clive Khulubuse Zuma,214444,CAPRIKAT LIMITED,is officer of
394864,African Resources Investment Fund SPC,214444,CAPRIKAT LIMITED,is officer of
583897,LINE MANAGEMENT SERVICES LIMITED,214444,CAPRIKAT LIMITED,registered
394864,African Resources Investment Fund SPC,531666,"Av. Mohedano Resid. Cascadas de Castellane Torre C - Piso 3 Apto 3C Urb. La Castellana Chacao Caracas Venezuela",registered address
589434,NEXIA BT - PMA CLIENT,276906,HEARNVILLE INC.,registered
649207,ORION TRUST (NEW ZEALAND) LIMITED as Trustee of ROTORUA TRUST,276906,HEARNVILLE INC.,Shareholder
452419,ATC ADMINISTRATORS INC.,276906,HEARNVILLE INC.,Shareholder
667762,Konrad Mizzi,276906,HEARNVILLE INC.,Beneficial Owner
589972,JOHN ADDO KUFUOR,208754,FORDIANT LTD.,registered
589972,JOHN ADDO KUFUOR,13637,STAMFORD INTERNATIONAL INVESTMENTS GROUP LIMITED,registered
387401,THE EXCEL 2000 TRUST,524288,AKARA BLDG.<br/>24 DE CASTRO STREET<br/>WICKHAMS CAY 1<br/>ROAD TOWN<br/>TORTOLA<br/>BRITISH VIRGIN ISLANDS.,registered address
582684,MOSSFON MANAGERS LTD.,121701,LANDAU SOLUTIONS LIMITED,registered
387401,THE EXCEL 2000 TRUST,121701,LANDAU SOLUTIONS LIMITED,Shareholder
667736,John Addo Kufuor,208754,FORDIANT LTD.,Director
590963,MOSSACK FONSECA & CO. (U.K.) LIMITED,225723,UF UNIVERSE FOUNDATION,registered
590963,MOSSACK FONSECA & CO. (U.K.) LIMITED,220441,FM MANAGEMENT HOLDING GROUP S.A.,registered
667759,Mehriban Aliyeva,225723,UF UNIVERSE FOUNDATION,Protector
667760,Leyla Aliyeva,225723,UF UNIVERSE FOUNDATION,"Beneficiary shareholder and director"
667761,Arzu Aliyeva,225723,UF UNIVERSE FOUNDATION,"Beneficiary shareholder and director"
667773,Arkady Rotenberg,177503,BEECHWOOD ASSOCIATES INC.,is officer of
667773,Arkady Rotenberg,157549,BRECKENRIDGE GLOBAL MANAGEMENT LIMITED,is officer of
667773,Arkady Rotenberg,39850,CAUSEWAY CONSULTING LIMITED,is officer of
389623,MOONLIGHT BAY LIMITED,157549,BRECKENRIDGE GLOBAL MANAGEMENT LIMITED,is officer of
389622,MARKOM NOMINEES LIMITED (Formerly SP NOMINEES LTD.),157549,BRECKENRIDGE GLOBAL MANAGEMENT LIMITED,is officer of
584227,MARKOM MANAGEMENT LTD,177503,BEECHWOOD ASSOCIATES INC.,registered
584227,MARKOM MANAGEMENT LTD,157549,BRECKENRIDGE GLOBAL MANAGEMENT LIMITED,registered
584227,MARKOM MANAGEMENT LTD,39850,CAUSEWAY CONSULTING LIMITED,registered
653205,Mark Omelnitski,39850,CAUSEWAY CONSULTING LIMITED,is officer of
368961,Highland Ventures Group Limited,177503,BEECHWOOD ASSOCIATES INC.,is officer of
352198,Markom Nominees Ltd,39850,CAUSEWAY CONSULTING LIMITED,is officer of
368961,Highland Ventures Group Limited,39850,CAUSEWAY CONSULTING LIMITED,is officer of
352198,Markom Nominees Ltd,370603,Markom Nominees Ltd,has similar name and address as
370603,Markom Nominees Ltd,177503,BEECHWOOD ASSOCIATES INC.,is officer of
368797,MARKOM NOMINEES LTD (formerly SP NOMINEES LTD),177503,BEECHWOOD ASSOCIATES INC.,is officer of
372406,Orbit Finance S.A.,177503,BEECHWOOD ASSOCIATES INC.,is officer of
667771,Ólöf Nordal,263991,DOOLEY SECURITIES S.A.,is officer of
339983,LANDSBANKI LUXEMBOURG S.A.,263991,DOOLEY SECURITIES S.A.,is officer of
371860,Landsbanki Luxembourg S.A.,263991,DOOLEY SECURITIES S.A.,is officer of
587991,LANDSBANKI LUXEMBOURG S.A.,263991,DOOLEY SECURITIES S.A.,registered
471887,CESAR AUGUSTO ROSENTHAL HIDALGO,93485,RENTON MANAGEMENT S.A.,Shareholder
471887,CESAR AUGUSTO ROSENTHAL HIDALGO,527668,"Arango-Orillac  Building.",registered address
583577,"CONSULTORES LEGALES S. A.",93485,RENTON MANAGEMENT S.A.,registered
592190,MOSSACK FONSECA & CO. (SINGAPORE) PTE LTD.,285895,LYNDEN MANAGEMENT LTD.,registered
659151,Bidzina Ivanishvili,285895,LYNDEN MANAGEMENT LTD.,Beneficiay
667730,Bidzina Ivanishvili,285895,LYNDEN MANAGEMENT LTD.,Beneficial Owner
365987,SERANGOON LIMITED,285895,LYNDEN MANAGEMENT LTD.,Shareholder
659151,Bidzina Ivanishvili,666689,"Georgia Irakly II Square 3 Tbilisi",registered address
365988,SELETAR LIMITED,285895,LYNDEN MANAGEMENT LTD.,Shareholder
586245,CEC GROUP LIMITED,601885,ROYAL ARRIVAL CORP.,registered
654634,Bouchouareb Abdessalam,601885,ROYAL ARRIVAL CORP.,Beneficiay
667767,Abdeslam Bouchouareb,601885,ROYAL ARRIVAL CORP.,Beneficial Owner
582818,SHEIKH HAMAD BIN JASSEM BIN JABR AL-THANI,173963,REMGREEN PROPERTIES LIMITED,registered
582818,SHEIKH HAMAD BIN JASSEM BIN JABR AL-THANI,1314,TRICK ONE LIMITED,registered
582818,SHEIKH HAMAD BIN JASSEM BIN JABR AL-THANI,8131,TRICK ONE MANAGEMENT LIMITED,registered
582818,SHEIKH HAMAD BIN JASSEM BIN JABR AL-THANI,280700,ANOUD AL-DOHA LIMITED,registered
464829,Sheikh Hamad Jassim J.M. Al-Thani,535279,Doha<br/>Al Wajba Palace<br/>Qatar,registered address
586404,WILDGEN & PARTNERS,62330,NOTART CONSULTING S.A.,registered
586404,WILDGEN & PARTNERS,226781,YALIS S.A.,registered
586404,WILDGEN & PARTNERS,190927,RIENNE S.A.,registered
586404,WILDGEN & PARTNERS,117432,KNIBOS CONSULTING S.A.,registered
464828,Sheikh Hamad Bibkhalifa Binhamad Al-Thani,535279,Doha<br/>Al Wajba Palace<br/>Qatar,registered address
652036,Sheikh Hamad Jassim J.M. Al-Thani,535279,Doha<br/>Al Wajba Palace<br/>Qatar,registered address
653905,Sheikh Hamad Bibkhalifa Binhamad Al-Thani,535279,Doha<br/>Al Wajba Palace<br/>Qatar,registered address
464829,Sheikh Hamad Jassim J.M. Al-Thani,652036,Sheikh Hamad Jassim J.M. Al-Thani,has similar name and address as
464828,Sheikh Hamad Bibkhalifa Binhamad Al-Thani,653905,Sheikh Hamad Bibkhalifa Binhamad Al-Thani,has similar name and address as
652036,Sheikh Hamad Jassim J.M. Al-Thani,226781,YALIS S.A.,Beneficiay
653905,Sheikh Hamad Bibkhalifa Binhamad Al-Thani,226781,YALIS S.A.,Beneficiay
464829,Sheikh Hamad Jassim J.M. Al-Thani,280700,ANOUD AL-DOHA LIMITED,Director / Beneficial Owner
464829,Sheikh Hamad Jassim J.M. Al-Thani,8131,TRICK ONE MANAGEMENT LIMITED,Director / Beneficial Owner
464829,Sheikh Hamad Jassim J.M. Al-Thani,173963,REMGREEN PROPERTIES LIMITED,Director / Beneficial Owner
464829,Sheikh Hamad Jassim J.M. Al-Thani,1314,TRICK ONE LIMITED,Director / Beneficial Owner
464829,Sheikh Hamad Jassim J.M. Al-Thani,117432,KNIBOS CONSULTING S.A.,Power of Attorney
464829,Sheikh Hamad Jassim J.M. Al-Thani,190927,RIENNE S.A.,Power of Attorney
464829,Sheikh Hamad Jassim J.M. Al-Thani,62330,NOTART CONSULTING S.A.,Power of Attorney
464829,Sheikh Hamad Jassim J.M. Al-Thani,226781,YALIS S.A.,Power of Attorney / Shareholder
464828,Sheikh Hamad Bibkhalifa Binhamad Al-Thani,190927,RIENNE S.A.,Owner
464828,Sheikh Hamad Bibkhalifa Binhamad Al-Thani,226781,YALIS S.A.,Owner
417090,HH Sheikh Hamad Bin Khalifa Bin Hamad al Thani,190927,RIENNE S.A.,Owner
417090,HH Sheikh Hamad Bin Khalifa Bin Hamad al Thani,226781,YALIS S.A.,Owner
464828,Sheikh Hamad Bibkhalifa Binhamad Al-Thani,190927,RIENNE S.A.,Shareholder
464829,Sheikh Hamad Jassim J.M. Al-Thani,190927,RIENNE S.A.,Shareholder
464828,Sheikh Hamad Bibkhalifa Binhamad Al-Thani,226781,YALIS S.A.,Shareholder
464829,Sheikh Hamad Jassim J.M. Al-Thani,226781,YALIS S.A.,Shareholder
465036,THE BEARER,226781,YALIS S.A.,Shareholder
465033,THE BEARER,226781,YALIS S.A.,Shareholder
465035,THE BEARER,226781,YALIS S.A.,Shareholder
465034,THE BEARER,226781,YALIS S.A.,Shareholder
462903,THE BEARER,117432,KNIBOS CONSULTING S.A.,Shareholder
462904,THE BEARER,117432,KNIBOS CONSULTING S.A.,Shareholder
462905,THE BEARER,117432,KNIBOS CONSULTING S.A.,Shareholder
462902,THE BEARER,117432,KNIBOS CONSULTING S.A.,Shareholder
463062,THE BEARER,62330,NOTART CONSULTING S.A.,Shareholder
463063,THE BEARER,62330,NOTART CONSULTING S.A.,Shareholder
463064,THE BEARER,62330,NOTART CONSULTING S.A.,Shareholder
463065,THE BEARER,62330,NOTART CONSULTING S.A.,Shareholder
464824,THE BEARER,190927,RIENNE S.A.,Shareholder531816
464827,THE BEARER,190927,RIENNE S.A.,Shareholder
464826,THE BEARER,190927,RIENNE S.A.,Shareholder
464825,THE BEARER,190927,RIENNE S.A.,Shareholder
589835,CHILD & CHILD,110439,I. M. F. HOLDINGS INC.,registered
589835,CHILD & CHILD,47771,FOXWOOD ESTATES LIMITED,registered
589835,CHILD & CHILD,59391,Moonlight Estates Limited,registered
387354,AYAD H. ALLAWI,549590,No. 14-18 Al-Zaytoon Street<br/>Harithiya District<br/>Baghdad<br/>Iraq,registered address
651789,DR. AYAD H. ALLAWI,549590,No. 14-18 Al-Zaytoon Street<br/>Harithiya District<br/>Baghdad<br/>Iraq,registered address
651789,DR. AYAD H. ALLAWI,59391,Moonlight Estates Limited,Beneficiay
387354,AYAD H. ALLAWI,47771,FOXWOOD ESTATES LIMITED,Director
387354,AYAD H. ALLAWI,59391,Moonlight Estates Limited,Shareholder
354638,AYAD ALLAWI,47771,FOXWOOD ESTATES LIMITED,Director
457744,THE BEARER,110439,I. M. F. HOLDINGS INC.,Shareholder
457745,THE BEARER,110439,I. M. F. HOLDINGS INC.,Shareholder
354638,AYAD ALLAWI,110439,I. M. F. HOLDINGS INC.,Shareholder
403062,Giuseppe Donaldo Nicosia,531816,"Av. Mohedano Resid. Cascadas de Castellane Torre C Piso 3 Apto 3C Urb. La Castellana Chacao Caracas Venezuela",registered address
403062,Giuseppe Donaldo Nicosia,242337,DARION TRADING LTD.,Shareholder
667756,Giuseppe Donaldo Nicosia,242337,DARION TRADING LTD.,Shareholder
585616,"ROCA/GONZALEZ P.A.",242337,DARION TRADING LTD.,registered
387963,DENG Jiagui,538747,Doha<br/>Al Wajba Palace<br/>Qatar,registered address
387963,DENG Jiagui,119258,WEALTH MING INTERNATIONAL LIMITED,Shareholder
387963,DENG Jiagui,180086,BEST EFFECT ENTERPRISES LTD.,Shareholder
594021,WBC SECRETARIES LIMITED,180086,BEST EFFECT ENTERPRISES LTD.,registered
594021,WBC SECRETARIES LIMITED,119258,WEALTH MING INTERNATIONAL LIMITED,registered
653764,Sheikha bint Khalifa bin Zayid,76642,BARROW HILL LIMITED,is officer of
667752,Khalifa bin Zayed bin Sultan Al Nahyan,76642,BARROW HILL LIMITED,is officer of
302740,MOSSACK FONSECA & CO. (B.V.I.) LTD.,76642,BARROW HILL LIMITED,is officer of
587847,HOLMAN FENWICK WILLAN LLP,76642,BARROW HILL LIMITED,registered
302740,MOSSACK FONSECA & CO. (B.V.I.) LTD.,277479,Boston House Properties Limited [Knightsbridge Estate Properties Limited],is officer of
302740,MOSSACK FONSECA & CO. (B.V.I.) LTD.,148291,FORESTWAY PROPERTIES LIMITED,is officer of
302740,MOSSACK FONSECA & CO. (B.V.I.) LTD.,32747,BERKELEY SQUARE PROPERTIES LIMITED,is officer of
653764,Sheikha bint Khalifa bin Zayid,7950,BRUTON PROPERTIES LIMITED,is officer of
653764,Sheikha bint Khalifa bin Zayid,1431,KNIGHTSBRIDGE GREEN LIMITED,is officer of
653764,Sheikha bint Khalifa bin Zayid,30882,BAY SHORE ESTATES LIMITED,is officer of
653764,Sheikha bint Khalifa bin Zayid,221515,JEFFERSON HOUSE LIMITED,is officer of
653764,Sheikha bint Khalifa bin Zayid,91001,SLOANE STREET COMMERCIAL PROPERTIES LIMITED,is officer of
653764,Sheikha bint Khalifa bin Zayid,256958,CLEMENTINE COMMERCIAL PROPERTIES LIMITED,is officer of
653764,Sheikha bint Khalifa bin Zayid,172555,MARYLEBONE PROPERTIES LIMITED -EX- PACIFIC MAY,is officer of
653764,Sheikha bint Khalifa bin Zayid,148291,FORESTWAY PROPERTIES LIMITED,is officer of
653764,Sheikha bint Khalifa bin Zayid,88127,SLOANE STREET RESIDENTIAL PROPERTIES LIMITED,is officer of
653764,Sheikha bint Khalifa bin Zayid,245626,FARM STREET ESTATES LIMITED,is officer of
653764,Sheikha bint Khalifa bin Zayid,208828,West End  Green Limited [DEVONSHIRE HOUSE (NO. 2) LIMITED],is officer of
653764,Sheikha bint Khalifa bin Zayid,277479,Boston House Properties Limited [Knightsbridge Estate Properties Limited],is officer of
653764,Sheikha bint Khalifa bin Zayid,9109,Qusiwrah Investments Limited,is officer of
667752,Khalifa bin Zayed bin Sultan Al Nahyan,263217,60 BROMPTON ROAD MANAGEMENT COMPANY LIMITED,is officer of
667752,Khalifa bin Zayed bin Sultan Al Nahyan,243302,STEPHANUS PROPERTIES LIMITED,is officer of
667752,Khalifa bin Zayed bin Sultan Al Nahyan,60003,1 KENSINGTON ROAD MANAGEMENT COMPANY LIMITED,is officer of
667752,Khalifa bin Zayed bin Sultan Al Nahyan,55834,OXFORD & CITY HOLDINGS LIMITED,is officer of
667752,Khalifa bin Zayed bin Sultan Al Nahyan,245626,FARM STREET ESTATES LIMITED,is officer of
667752,Khalifa bin Zayed bin Sultan Al Nahyan,91001,SLOANE STREET COMMERCIAL PROPERTIES LIMITED,is officer of
667752,Khalifa bin Zayed bin Sultan Al Nahyan,7950,BRUTON PROPERTIES LIMITED,is officer of
667752,Khalifa bin Zayed bin Sultan Al Nahyan,256958,CLEMENTINE COMMERCIAL PROPERTIES LIMITED,is officer of
667752,Khalifa bin Zayed bin Sultan Al Nahyan,253209,De Vere Estates Limited [DEVONSHIRE HOUSE (NO. 1) LIMITED],is officer of
667752,Khalifa bin Zayed bin Sultan Al Nahyan,208828,West End  Green Limited [DEVONSHIRE HOUSE (NO. 2) LIMITED],is officer of
667752,Khalifa bin Zayed bin Sultan Al Nahyan,160463,HAM RIDINGS LIMITED,is officer of
667752,Khalifa bin Zayed bin Sultan Al Nahyan,247722,HANS CRESCENT ESTATES LIMITED,is officer of
667752,Khalifa bin Zayed bin Sultan Al Nahyan,178308,LANCELOT PLACE PROPERTIES LIMITED,is officer of
667752,Khalifa bin Zayed bin Sultan Al Nahyan,105769,CLEMENTINE INVESTMENTS LIMITED,is officer of
667752,Khalifa bin Zayed bin Sultan Al Nahyan,1318,SUMMIT ESTATES LIMITED,is officer of
667752,Khalifa bin Zayed bin Sultan Al Nahyan,261656,ELSTREE ESTATES LIMITED,is officer of
667752,Khalifa bin Zayed bin Sultan Al Nahyan,230780,MAYFAIR COMMERCIAL LIMITED (EX-MAYFAIR COMMERCIAL LTD),is officer of
667752,Khalifa bin Zayed bin Sultan Al Nahyan,17187,KNIGHTSBRIDGE ESTATES LIMITED (EX-BRUTON ESTATES LIMITED),is officer of
667752,Khalifa bin Zayed bin Sultan Al Nahyan,9109,Qusiwrah Investments Limited,is officer of
667752,Khalifa bin Zayed bin Sultan Al Nahyan,221515,JEFFERSON HOUSE LIMITED,is officer of
667752,Khalifa bin Zayed bin Sultan Al Nahyan,1431,KNIGHTSBRIDGE GREEN LIMITED,is officer of
667752,Khalifa bin Zayed bin Sultan Al Nahyan,172555,MARYLEBONE PROPERTIES LIMITED -EX- PACIFIC MAY,is officer of
667752,Khalifa bin Zayed bin Sultan Al Nahyan,168342,KNIGHTSBRIDGE COMMERCIAL ESTATES LIMITED,is officer of
667752,Khalifa bin Zayed bin Sultan Al Nahyan,88127,SLOANE STREET RESIDENTIAL PROPERTIES LIMITED,is officer of
667752,Khalifa bin Zayed bin Sultan Al Nahyan,80469,BERKELEY SQUARE HOLDINGS LIMITED,is officer of
667752,Khalifa bin Zayed bin Sultan Al Nahyan,30882,BAY SHORE ESTATES LIMITED,is officer of
667752,Khalifa bin Zayed bin Sultan Al Nahyan,32747,BERKELEY SQUARE PROPERTIES LIMITED,is officer of
302740,MOSSACK FONSECA & CO. (B.V.I.) LTD.,91001,SLOANE STREET COMMERCIAL PROPERTIES LIMITED,is officer of
302740,MOSSACK FONSECA & CO. (B.V.I.) LTD.,210238,Hans Crescent Holdings Limited,is officer of
302740,MOSSACK FONSECA & CO. (B.V.I.) LTD.,243302,STEPHANUS PROPERTIES LIMITED,is officer of
302740,MOSSACK FONSECA & CO. (B.V.I.) LTD.,261656,ELSTREE ESTATES LIMITED,is officer of
302740,MOSSACK FONSECA & CO. (B.V.I.) LTD.,30882,BAY SHORE ESTATES LIMITED,is officer of
302740,MOSSACK FONSECA & CO. (B.V.I.) LTD.,221515,JEFFERSON HOUSE LIMITED,is officer of
302740,MOSSACK FONSECA & CO. (B.V.I.) LTD.,245626,FARM STREET ESTATES LIMITED,is officer of
302740,MOSSACK FONSECA & CO. (B.V.I.) LTD.,7950,BRUTON PROPERTIES LIMITED,is officer of
302740,MOSSACK FONSECA & CO. (B.V.I.) LTD.,88127,SLOANE STREET RESIDENTIAL PROPERTIES LIMITED,is officer of
302740,MOSSACK FONSECA & CO. (B.V.I.) LTD.,160463,HAM RIDINGS LIMITED,is officer of
302740,MOSSACK FONSECA & CO. (B.V.I.) LTD.,80469,BERKELEY SQUARE HOLDINGS LIMITED,is officer of
302740,MOSSACK FONSECA & CO. (B.V.I.) LTD.,55834,OXFORD & CITY HOLDINGS LIMITED,is officer of
302740,MOSSACK FONSECA & CO. (B.V.I.) LTD.,230780,MAYFAIR COMMERCIAL LIMITED (EX-MAYFAIR COMMERCIAL LTD),is officer of
302740,MOSSACK FONSECA & CO. (B.V.I.) LTD.,1431,KNIGHTSBRIDGE GREEN LIMITED,is officer of
587847,HOLMAN FENWICK WILLAN LLP,263217,60 BROMPTON ROAD MANAGEMENT COMPANY LIMITED,registered
587847,HOLMAN FENWICK WILLAN LLP,148291,FORESTWAY PROPERTIES LIMITED,registered
587847,HOLMAN FENWICK WILLAN LLP,243302,STEPHANUS PROPERTIES LIMITED,registered
587847,HOLMAN FENWICK WILLAN LLP,17187,KNIGHTSBRIDGE ESTATES LIMITED (EX-BRUTON ESTATES LIMITED),registered
587847,HOLMAN FENWICK WILLAN LLP,88127,SLOANE STREET RESIDENTIAL PROPERTIES LIMITED,registered
587847,HOLMAN FENWICK WILLAN LLP,32747,BERKELEY SQUARE PROPERTIES LIMITED,registered
587847,HOLMAN FENWICK WILLAN LLP,7950,BRUTON PROPERTIES LIMITED,registered
587847,HOLMAN FENWICK WILLAN LLP,221515,JEFFERSON HOUSE LIMITED,registered
587847,HOLMAN FENWICK WILLAN LLP,245626,FARM STREET ESTATES LIMITED,registered
587847,HOLMAN FENWICK WILLAN LLP,172555,MARYLEBONE PROPERTIES LIMITED -EX- PACIFIC MAY,registered
587847,HOLMAN FENWICK WILLAN LLP,80469,BERKELEY SQUARE HOLDINGS LIMITED,registered
587847,HOLMAN FENWICK WILLAN LLP,105769,CLEMENTINE INVESTMENTS LIMITED,registered
587847,HOLMAN FENWICK WILLAN LLP,160463,HAM RIDINGS LIMITED,registered
587847,HOLMAN FENWICK WILLAN LLP,1318,SUMMIT ESTATES LIMITED,registered
587847,HOLMAN FENWICK WILLAN LLP,178308,LANCELOT PLACE PROPERTIES LIMITED,registered
587847,HOLMAN FENWICK WILLAN LLP,247722,HANS CRESCENT ESTATES LIMITED,registered
587847,HOLMAN FENWICK WILLAN LLP,261656,ELSTREE ESTATES LIMITED,registered
587847,HOLMAN FENWICK WILLAN LLP,168342,KNIGHTSBRIDGE COMMERCIAL ESTATES LIMITED,registered
587847,HOLMAN FENWICK WILLAN LLP,256958,CLEMENTINE COMMERCIAL PROPERTIES LIMITED,registered
587847,HOLMAN FENWICK WILLAN LLP,55834,OXFORD & CITY HOLDINGS LIMITED,registered
587847,HOLMAN FENWICK WILLAN LLP,208828,West End  Green Limited [DEVONSHIRE HOUSE (NO. 2) LIMITED],registered
587847,HOLMAN FENWICK WILLAN LLP,230780,MAYFAIR COMMERCIAL LIMITED (EX-MAYFAIR COMMERCIAL LTD),registered
587847,HOLMAN FENWICK WILLAN LLP,1431,KNIGHTSBRIDGE GREEN LIMITED,registered
587847,HOLMAN FENWICK WILLAN LLP,277479,Boston House Properties Limited [Knightsbridge Estate Properties Limited],registered
587847,HOLMAN FENWICK WILLAN LLP,9109,Qusiwrah Investments Limited,registered
587847,HOLMAN FENWICK WILLAN LLP,91001,SLOANE STREET COMMERCIAL PROPERTIES LIMITED,registered
587847,HOLMAN FENWICK WILLAN LLP,30882,BAY SHORE ESTATES LIMITED,registered
587847,HOLMAN FENWICK WILLAN LLP,253209,De Vere Estates Limited [DEVONSHIRE HOUSE (NO. 1) LIMITED],registered
587847,HOLMAN FENWICK WILLAN LLP,210238,Hans Crescent Holdings Limited,registered
587847,HOLMAN FENWICK WILLAN LLP,60003,1 KENSINGTON ROAD MANAGEMENT COMPANY LIMITED,registered
667752,Khalifa bin Zayed bin Sultan Al Nahyan,253328,Boston House Properties Limited,is officer of
588190,HOLMAN FENWICK WILLAN LLP,253328,Boston House Properties Limited,registered
585463,(PMA CLIENT) CAMILLE FROIDEVAUX,122795,BAINFIELD COMPANY LTD.,registered
585463,(PMA CLIENT) CAMILLE FROIDEVAUX,133373,GATEWAY MARKETING INC.,registered
586333,CREDIT SUISSE  CHANNEL ISLANDS    LIMITED,187273,BASSINGTON LIMITED,registered
592524,P & B SERVICES LIMITED,127371,SOUTHEAST ASIA METAL LTD. (EX.- CHAIN POWER LIMITED),registered
592524,P & B SERVICES LIMITED,214296,METALSRUSSIA CORP. LTD.,registered
303929,BROCK NOMINEES LIMITED,187273,BASSINGTON LIMITED,Shareholder
311118,THE BEARER,187273,BASSINGTON LIMITED,Shareholder
303934,TENBY NOMINEES LIMITED,187273,BASSINGTON LIMITED,Shareholder
311117,THE BEARER,187273,BASSINGTON LIMITED,Shareholder
648863,Pietr Kiritchenko,122795,BAINFIELD COMPANY LTD.,Shareholder
648864,Pavel Lazarenko,122795,BAINFIELD COMPANY LTD.,Shareholder
648864,Pavel Lazarenko,122795,BAINFIELD COMPANY LTD.,Power of attorney
648864,Pavel Lazarenko,133373,GATEWAY MARKETING INC.,Shareholder
667748,Mauricio Macri,257985,FLEG TRADING LTD,Director
591661,"LUSSICH TORRENDELL CR. SANTIAGO",257985,FLEG TRADING LTD,registered
305805,FONDATION SILO,25410,COFIC INVESTMENTS LTD.,is officer of
305805,FONDATION SILO,25410,COFIC INVESTMENTS LTD.,is officer of
305805,FONDATION SILO,578271,Vaduz Liechtenstein,registered address
657879,LIU ZHIYUAN,25410,COFIC INVESTMENTS LTD.,is officer of
305804,THE BEARER,25410,COFIC INVESTMENTS LTD.,is officer of
657879,LIU ZHIYUAN,666297,Unit 9-Courtyard A-15<br/>Wan Shu Lu Street<br/>Beijing<br/>China,registered address
590939,"JUNOD MUHLSTEIN LEVY & PUDER",25410,COFIC INVESTMENTS LTD.,registered
588661,PRIME CORPORATE SOLUTIONS SARL,105378,BLUE SEA ENTERPRISES CORP.,registered
456485,THE BEARER,105378,BLUE SEA ENTERPRISES CORP.,Shareholder
456483,THE BEARER,105378,BLUE SEA ENTERPRISES CORP.,Shareholder
456482,THE BEARER,105378,BLUE SEA ENTERPRISES CORP.,Shareholder
456484,THE BEARER,105378,BLUE SEA ENTERPRISES CORP.,Shareholder
667769,Jesús Villanueva,105378,BLUE SEA ENTERPRISES CORP.,Power of attorney
580745,"METAXAS SPYRO A.",175783,AISIOS FOUNDATION,registered
580745,"METAXAS SPYRO A.",134282,DIMAN FOUNDATION,registered
580745,"METAXAS SPYRO A.",263531,GREEN SHAMROCK FOUNDATION,registered
667739,Stavros Papastavrou,175783,AISIOS FOUNDATION,Member of Foundation Council
667739,Stavros Papastavrou,263531,GREEN SHAMROCK FOUNDATION,Member of Foundation Council
667739,Stavros Papastavrou,134282,DIMAN FOUNDATION,Member of Foundation Council
378942,Sigmundur David Gunnlaugsson,545854,"L-2086 Luxembourg 23 Avenue Monterey",registered address
378942,Sigmundur David Gunnlaugsson,19979,WINTRIS INC.,is officer of
378941,Anna Sigurlaug Palsdottir,545854,"L-2086 Luxembourg 23 Avenue Monterey",registered address
378941,Anna Sigurlaug Palsdottir,19979,WINTRIS INC.,is officer of
589006,LUXEMBOURG INTERNATIONAL CONSULTING S.A. (INTERCONSULT),19979,WINTRIS INC.,registered
585157,BARRETO & PARTNERS SÀRL,233195,UNIVERS INVESTMENTS LTD.,registered
487817,THE BEARER,233195,UNIVERS INVESTMENTS LTD.,Shareholder
487817,THE BEARER,528064,"Av. Mohedano Resid. "Cascadas de Castellane" Torre C Piso 3 Apto 3C Urb. La Castellana Chacao Caracas Venezuela",registered address
667749,Víctor Cruz Weffer,233195,UNIVERS INVESTMENTS LTD.,Shareholder
590829,FRANCISCO IBANEZ CONCHA,99200,SIERRA LEONA S.A.,registered
667764,Alfredo Ovalle Rodríguez,99200,SIERRA LEONA S.A.,Beneficial Owner
361115,THAMES GLOBAL CORPORATION,99200,SIERRA LEONA S.A.,Shareholder
472951,EL PORTADOR,99200,SIERRA LEONA S.A.,Shareholder
361416,BLUE HILL INCORPORATED,99200,SIERRA LEONA S.A.,Shareholder
472936,EL PORTADOR,99200,SIERRA LEONA S.A.,Shareholder
472953,EL PORTADOR,99200,SIERRA LEONA S.A.,Shareholder
472952,EL PORTADOR,99200,SIERRA LEONA S.A.,Shareholder
472937,EL PORTADOR,99200,SIERRA LEONA S.A.,Shareholder
472949,EL PORTADOR,99200,SIERRA LEONA S.A.,Shareholder
472948,EL PORTADOR,99200,SIERRA LEONA S.A.,Shareholder
472947,EL PORTADOR,99200,SIERRA LEONA S.A.,Shareholder
472946,EL PORTADOR,99200,SIERRA LEONA S.A.,Shareholder
472945,EL PORTADOR,99200,SIERRA LEONA S.A.,Shareholder
472944,EL PORTADOR,99200,SIERRA LEONA S.A.,Shareholder
472943,EL PORTADOR,99200,SIERRA LEONA S.A.,Shareholder
472942,EL PORTADOR,99200,SIERRA LEONA S.A.,Shareholder
472940,EL PORTADOR,99200,SIERRA LEONA S.A.,Shareholder
472950,EL PORTADOR,99200,SIERRA LEONA S.A.,Shareholder
472941,EL PORTADOR,99200,SIERRA LEONA S.A.,Shareholder
361437,FUNDACIÓN EL PLANETA,99200,SIERRA LEONA S.A.,Shareholder
361739,FUNDACION TIERRA FELIZ,99200,SIERRA LEONA S.A.,Shareholder
363787,FUNDACIÓN BAHIA SERENA,99200,SIERRA LEONA S.A.,Shareholder
363850,FUNDACIÓN CABO OLAS,99200,SIERRA LEONA S.A.,Shareholder
363999,FUNDACION BELLO AMANECER,99200,SIERRA LEONA S.A.,Shareholder
587642,SG HAMBROS BANK & TRUST (BAHAMAS) LIMITED,153309,"BLAIRMORE HOLDINGS INC.",registered
667737,Ian Cameron,153309,"BLAIRMORE HOLDINGS INC.",Director
590120,CORPORATE INTERNAL SYSTEM,184011,MF & CO. (BELIZE) LIMITED.,registered
329226,M.F. PRIVATE HOLDINGS LIMITED,184011,MF & CO. (BELIZE) LIMITED.,Shareholder
333537,MOSSFON HOLDINGS LTD.,184011,MF & CO. (BELIZE) LIMITED.,Shareholder
593773,MONFORT CAPITAL PARTNERS JLT,40537,CERMAN GROUP LIMITED,registered
660338,Mr. Jerome Andre CAHUZAC,665818,85 avenue de Breteuil<br/>75007 Paris<br/>France,registered address
660338,Mr. Jerome Andre CAHUZAC,40537,CERMAN GROUP LIMITED,Beneficiay
667728,Jérôme Cahuzac,40537,CERMAN GROUP LIMITED,Beneficial owner
492434,TALWAY INTERNATIONAL CORP.,40537,CERMAN GROUP LIMITED,Shareholder
473254,KOJO ANNAN,519774,"60 Westminster Gardens London SW1",registered address
334206,MR. KOJO ANNAN,500835,"105A Luganskogo str Almaty Kazakhstan",registered address
648326,MR. KOJO ANNAN,240121,BLUE DIAMOND HOLDING MANAGEMENT CORP.,Shareholder
648326,MR. KOJO ANNAN,208909,SAPPHIRE HOLDING LTD.,Director
648326,MR. KOJO ANNAN,240121,BLUE DIAMOND HOLDING MANAGEMENT CORP.,Director
648326,MR. KOJO ANNAN,217658,SUTTON ENERGY LTD.,Director
473254,KOJO ANNAN,208909,SAPPHIRE HOLDING LTD.,Director
473254,KOJO ANNAN,240121,BLUE DIAMOND HOLDING MANAGEMENT CORP.,Director
473254,KOJO ANNAN,217658,SUTTON ENERGY LTD.,Director
334206,MR. KOJO ANNAN,208909,SAPPHIRE HOLDING LTD.,Director
334206,MR. KOJO ANNAN,240121,BLUE DIAMOND HOLDING MANAGEMENT CORP.,Director
334206,MR. KOJO ANNAN,217658,SUTTON ENERGY LTD.,Director
334206,MR. KOJO ANNAN,217658,SUTTON ENERGY LTD.,Shareholder
473254,KOJO ANNAN,208909,SAPPHIRE HOLDING LTD.,Shareholder
588146,AFREX SAL,208909,SAPPHIRE HOLDING LTD.,registered
588146,AFREX SAL,217658,SUTTON ENERGY LTD.,registered
636306,Ali Ahmed El-Mirghani,205372,ORANGE STAR CORPORATION,Shareholder
667765,Ahmad Ali al-Mirghani,205372,ORANGE STAR CORPORATION,Owner
636306,Ali Ahmed El-Mirghani,645302,Robertson Financial Corp.,registered address
657420,RICCARDO FRANCOLINI AROSEMENA,517476,50th Street<br/>Tower Global Plaza<br/>16th Floor<br/>Ofic. D<br/>Panama<br/>Republic of Panama,registered address
587486,"FERNANDEZ G. JUAN ANTONIO",101753,JAMEFIELD INVESTMENT INC.,registered
418847,RICCARDO FRANCOLINI AROSEMENA,517476,50th Street<br/>Tower Global Plaza<br/>16th Floor<br/>Ofic. D<br/>Panama<br/>Republic of Panama,registered address
418847,RICCARDO FRANCOLINI AROSEMENA,657420,RICCARDO FRANCOLINI AROSEMENA,has similar name and address as
587486,"FERNANDEZ G. JUAN ANTONIO",181047,GLADDEN CORPORATION,registered
418847,RICCARDO FRANCOLINI AROSEMENA,181047,GLADDEN CORPORATION,Shareholder
418847,RICCARDO FRANCOLINI AROSEMENA,181047,GLADDEN CORPORATION,President - Director
657420,RICCARDO FRANCOLINI AROSEMENA,101753,JAMEFIELD INVESTMENT INC.,Beneficiay
418847,RICCARDO FRANCOLINI AROSEMENA,101753,JAMEFIELD INVESTMENT INC.,Sole shareholder
418847,RICCARDO FRANCOLINI AROSEMENA,101753,JAMEFIELD INVESTMENT INC.,Shareholder
667733,Emmanuel Ndahiro,148184,DEBDEN INVESTMENTS LIMITED,is officer of
667740,Attan Shansonga,148184,DEBDEN INVESTMENTS LIMITED,is officer of
667740,Attan Shansonga,148184,DEBDEN INVESTMENTS LIMITED,is officer of
588157,(PMA CLIENT) CISA TRUST COMPANY SA,148184,DEBDEN INVESTMENTS LIMITED,registered
306783,SERGEY ROLDUGIN,188769,International Media Overseas S.A.,is officer of
641316,Robertson Financial Corp.,188769,International Media Overseas S.A.,is officer of
450334,THE BEARER,188769,International Media Overseas S.A.,is officer of
374111,SERGEY ROLDUGIN,188769,International Media Overseas S.A.,is officer of
412138,SERGEY PAVLOVICH ROLDUGIN,188769,International Media Overseas S.A.,is officer of
581489,"DIETRICH BAUMGARTNER & PARTNER",188769,International Media Overseas S.A.,registered
412138,SERGEY PAVLOVICH ROLDUGIN,548047,Mokolodi  Estates P.O. Box 170Gaborone Botswana,registered address
412138,SERGEY PAVLOVICH ROLDUGIN,34281,RAYTAR LIMITED,is officer of
374111,SERGEY ROLDUGIN,178406,SONNETTE OVERSEAS INC.,is officer of
581489,"DIETRICH BAUMGARTNER & PARTNER",178406,SONNETTE OVERSEAS INC.,registered
374111,SERGEY ROLDUGIN,503168,"105A Luganskogo str Almaty Kazakhstan",registered address
641316,Robertson Financial Corp.,646751,Robertson Financial Corp.,registered address
374113,ROBERTSON FINANCIAL CORP.,641316,Robertson Financial Corp.,has similar name and address as
374113,ROBERTSON FINANCIAL CORP.,178406,SONNETTE OVERSEAS INC.,is officer of
374112,ALEXANDR PLEKHOV,178406,SONNETTE OVERSEAS INC.,is officer of
374110,SANDALWOOD CONTINENTAL LTD.,178406,SONNETTE OVERSEAS INC.,is officer of
374110,SANDALWOOD CONTINENTAL LTD.,524306,AKARA BLDG<br/>24 DE CASTRO STREET<br/>WICKHAMS CAY 1<br/>ROAD TOWN TORTOLA BVI,registered address
374112,ALEXANDR PLEKHOV,536113,Doha<br/>Al Wajba Palace<br/>Qatar,registered address
296361,Moscrip Limited,34281,RAYTAR LIMITED,is officer of
384168,Bassim Enterprises Limited,34281,RAYTAR LIMITED,is officer of
412136,MELBA DEVELOPMENT LIMITED,34281,RAYTAR LIMITED,is officer of
412139,VLADIMIR IVANOVICH VASILENKOV,34281,RAYTAR LIMITED,is officer of
412137,ALEXANDER NIKOLAEVICH ISAEV,34281,RAYTAR LIMITED,is officer of
594108,CONSULCO INTERNATIONAL LIMITED,34281,RAYTAR LIMITED,registered
374113,ROBERTSON FINANCIAL CORP.,147905,SUNBARN LIMITED,is officer of
374112,ALEXANDR PLEKHOV,147905,SUNBARN LIMITED,is officer of
581489,"DIETRICH BAUMGARTNER & PARTNER",147905,SUNBARN LIMITED,registered
587257,"D'ORLEANS BOURBON & ASSOCIATES CORP",601316,HUANCA INVESTMENT LLP,registered
587257,"D'ORLEANS BOURBON & ASSOCIATES CORP",606329,HUIRACOCHA INVESTMENTS LLP,registered
587257,"D'ORLEANS BOURBON & ASSOCIATES CORP",600602,KHUNO INVESTMENTS LLP,registered
667753,Juan Armando Hinojosa,601316,HUANCA INVESTMENT LLP,Principal beneficiary
667753,Juan Armando Hinojosa,600602,KHUNO INVESTMENTS LLP,Principal beneficiary
667753,Juan Armando Hinojosa,606329,HUIRACOCHA INVESTMENTS LLP,Principal beneficiary
630263,ORION TRUST (NEW ZEALAND) LIMITED,600602,KHUNO INVESTMENTS LLP,Shareholder
630263,ORION TRUST (NEW ZEALAND) LIMITED,630261,ORION TRUST (NEW ZEALAND) LIMITED,has similar name and address as
630262,Stichting Huanca Management,601316,HUANCA INVESTMENT LLP,Shareholder
630261,ORION TRUST (NEW ZEALAND) LIMITED,601316,HUANCA INVESTMENT LLP,Shareholder
630263,ORION TRUST (NEW ZEALAND) LIMITED,637298,ORION TRUST (NEW ZEALAND) LIMITED,has similar name and address as
637298,ORION TRUST (NEW ZEALAND) LIMITED,630261,ORION TRUST (NEW ZEALAND) LIMITED,has similar name and address as
637298,ORION TRUST (NEW ZEALAND) LIMITED,606329,HUIRACOCHA INVESTMENTS LLP,Shareholder
637299,Stichting Huiracocha Management,606329,HUIRACOCHA INVESTMENTS LLP,Shareholder
667738,Mamadie Toure,195749,MATINDA PARTNERS and Co. LTD.,is officer of
371545,BENEFICENCE FOUNDATION,195749,MATINDA PARTNERS and Co. LTD.,is officer of
584748,AGEFOR SA,195749,MATINDA PARTNERS and Co. LTD.,registered
371545,BENEFICENCE FOUNDATION,526626,"Arango-Orillac  Building.",registered address
667770,Bjarni Benediktsson,276288,FALSON & CO.,is officer of
484171,THE BEARER,276288,FALSON & CO.,is officer of
587991,LANDSBANKI LUXEMBOURG S.A.,276288,FALSON & CO.,registered
580712,F.T.M. FINANCE TRADE & MANAGEMENT LTD.,268698,GRAFIN ASSOCIATED S.A.,registered
580712,F.T.M. FINANCE TRADE & MANAGEMENT LTD.,48479,DENVEST CAPITAL STRATEGIES INC.,registered
667731,Bruno Jean-Richard Itoua,48479,DENVEST CAPITAL STRATEGIES INC.,Power of attorney
667731,Bruno Jean-Richard Itoua,268698,GRAFIN ASSOCIATED S.A.,Power of attorney
419931,HECTOR DANIEL MUNOZ,513002,"105A Luganskogo str Almaty Kazakhstan",registered address
419932,CAROLINA POCHETTI,513002,"105A Luganskogo str Almaty Kazakhstan",registered address
419931,HECTOR DANIEL MUNOZ,63529,GOLD BLACK LIMITED,Shareholder
419932,CAROLINA POCHETTI,63529,GOLD BLACK LIMITED,Shareholder
593237,"VAN VUUREN ANTHONY JANSE",149608,HERMINIUS MONS INVESTMENTS LIMITED,registered
593237,"VAN VUUREN ANTHONY JANSE",279953,VIRIATO INVESTMENTS LIMITED,registered
345076,IDALECIO DE CASTRO RODRIGUES DE OLIVEIRA,279953,VIRIATO INVESTMENTS LIMITED,Shareholder
345076,IDALECIO DE CASTRO RODRIGUES DE OLIVEIRA,279953,VIRIATO INVESTMENTS LIMITED,"Owner director and shareholder"
593237,"VAN VUUREN ANTHONY JANSE",136402,LUSITANIA PETROLEUM HOLDINGS LIMITED [LUSITANIA PETROLEUM HOLDING LIMITED],registered
345076,IDALECIO DE CASTRO RODRIGUES DE OLIVEIRA,136402,LUSITANIA PETROLEUM HOLDINGS LIMITED [LUSITANIA PETROLEUM HOLDING LIMITED],"Owner director and shareholder"
593237,"VAN VUUREN ANTHONY JANSE",204018,LUSITANIA MINING (HOLDINGS) LIMITED [LUSITANIA MINING (HOLDING) LIMITED],registered
345076,IDALECIO DE CASTRO RODRIGUES DE OLIVEIRA,204018,LUSITANIA MINING (HOLDINGS) LIMITED [LUSITANIA MINING (HOLDING) LIMITED],"Owner director and shareholder"
593237,"VAN VUUREN ANTHONY JANSE",44247,Lusitania Geosciences Limited,registered
345076,IDALECIO DE CASTRO RODRIGUES DE OLIVEIRA,44247,Lusitania Geosciences Limited,"Owner director and shareholder"
593237,"VAN VUUREN ANTHONY JANSE",137033,PLS INTERNATIONAL GLOBAL LTD. [LUSITANIA MINING (MN) LIMITED],registered
345076,IDALECIO DE CASTRO RODRIGUES DE OLIVEIRA,137033,PLS INTERNATIONAL GLOBAL LTD. [LUSITANIA MINING (MN) LIMITED],"Owner director and shareholder"
593237,"VAN VUUREN ANTHONY JANSE",62336,LUSITANIA MINING (CK) LIMITED,registered
345076,IDALECIO DE CASTRO RODRIGUES DE OLIVEIRA,62336,LUSITANIA MINING (CK) LIMITED,"Owner director and shareholder"
593237,"VAN VUUREN ANTHONY JANSE",100363,LUSITANIA MINING (BB) LIMITED,registered
345076,IDALECIO DE CASTRO RODRIGUES DE OLIVEIRA,100363,LUSITANIA MINING (BB) LIMITED,"Owner director and shareholder"
593237,"VAN VUUREN ANTHONY JANSE",62089,LUSITANIA PETROLEUM (BB) LIMITED,registered
345076,IDALECIO DE CASTRO RODRIGUES DE OLIVEIRA,62089,LUSITANIA PETROLEUM (BB) LIMITED,"Owner director and shareholder"
593237,"VAN VUUREN ANTHONY JANSE",197407,LUSITANIA PETROLEUM (CK) LIMITED,registered
345076,IDALECIO DE CASTRO RODRIGUES DE OLIVEIRA,197407,LUSITANIA PETROLEUM (CK) LIMITED,"Owner director and shareholder"
593237,"VAN VUUREN ANTHONY JANSE",33425,LUSITANIA PETROLEUM (NW) LIMITED,registered
345076,IDALECIO DE CASTRO RODRIGUES DE OLIVEIRA,33425,LUSITANIA PETROLEUM (NW) LIMITED,"Owner director and shareholder"
593237,"VAN VUUREN ANTHONY JANSE",150993,LUSITANIA PETROLEUM (BC) LIMITED,registered
345076,IDALECIO DE CASTRO RODRIGUES DE OLIVEIRA,150993,LUSITANIA PETROLEUM (BC) LIMITED,"Owner director and shareholder"
593237,"VAN VUUREN ANTHONY JANSE",245525,INTERNATIONAL CONSULTANCY AND MARKETING S.A.,registered
345076,IDALECIO DE CASTRO RODRIGUES DE OLIVEIRA,245525,INTERNATIONAL CONSULTANCY AND MARKETING S.A.,"Owner director and shareholder"
345076,IDALECIO DE CASTRO RODRIGUES DE OLIVEIRA,245525,INTERNATIONAL CONSULTANCY AND MARKETING S.A.,Shareholder
593237,"VAN VUUREN ANTHONY JANSE",111471,N.R.I. - NATURAL RESOURCES INVESTMENTS S.A.,registered
345076,IDALECIO DE CASTRO RODRIGUES DE OLIVEIRA,111471,N.R.I. - NATURAL RESOURCES INVESTMENTS S.A.,"Owner director and shareholder"
588011,DR GALO CHIRIBOGA ZAMBRANO,276414,MADRIGAL FINANCE CORP.,registered
456660,GALO CHIRIBOGA,276414,MADRIGAL FINANCE CORP.,Shareholder
408031,MOHD NAZIFUDDIN BIN MOHD NAJIB,554473,"No. 318 Building K Huiyuan Apartment Asian Olympic Village Chaoyang District Beijing China",registered address
594082,O.S.R. CONSULTANTS & SECRETARIES LIMITED,236944,PCJ International Venture Limited,registered
582980,CORPORATE MANAGEMENT SERVICES LIMITED,206352,JAY MARRIOT INTERNATIONAL LTD.,registered
408030,MEGAT DANIFF SHAHRIMAN BIN ZAHARUDIN,236944,PCJ International Venture Limited,Shareholder
408031,MOHD NAZIFUDDIN BIN MOHD NAJIB,236944,PCJ International Venture Limited,Shareholder
408031,MOHD NAZIFUDDIN BIN MOHD NAJIB,206352,JAY MARRIOT INTERNATIONAL LTD.,Director
408031,MOHD NAZIFUDDIN BIN MOHD NAJIB,236944,PCJ International Venture Limited,Director
293604,PAMELA BARONESS SHARPLES,519183,"60 Westminster Gardens London SW1",registered address
590448,TRETHOWANS LLP,72466,NUNSWELL INVESTMENTS LIMITED,registered
419849,"PAMELA BARONESS SHARPLES DAVID RICHARD SHARPLES ANDREW DENYS HINE",72466,NUNSWELL INVESTMENTS LIMITED,Director
293604,PAMELA BARONESS SHARPLES,72466,NUNSWELL INVESTMENTS LIMITED,Director
419849,"PAMELA BARONESS SHARPLES DAVID RICHARD SHARPLES ANDREW DENYS HINE",72466,NUNSWELL INVESTMENTS LIMITED,Shareholder
293604,PAMELA BARONESS SHARPLES,72466,NUNSWELL INVESTMENTS LIMITED,Shareholder
658458,SAFASON CORPORATION S.A.H. (SINCE 22ND SEPTEMBER 2006),77977,VERSE DEVELOPMENT CORP.,is officer of
422292,THE BEARER,77977,VERSE DEVELOPMENT CORP.,is officer of
456287,SAFASON CORPORATION SPF S.A.,77977,VERSE DEVELOPMENT CORP.,is officer of
422291,THE BEARER,77977,VERSE DEVELOPMENT CORP.,is officer of
422293,THE BEARER,77977,VERSE DEVELOPMENT CORP.,is officer of
422294,THE BEARER,77977,VERSE DEVELOPMENT CORP.,is officer of
592702,RAWI & CO.,77977,VERSE DEVELOPMENT CORP.,registered
667757,King Salman bin Abdulaziz bin Abdulrahman Al Saud,456287,SAFASON CORPORATION SPF S.A.,is officer of
456287,SAFASON CORPORATION SPF S.A.,130448,INROW CORPORATION,is officer of
592702,RAWI & CO.,130448,INROW CORPORATION,registered
667757,King Salman bin Abdulaziz bin Abdulrahman Al Saud,363839,SAFASON CORPORATION SPF S.A.,is officer of
667757,King Salman bin Abdulaziz bin Abdulrahman Al Saud,354836,SAFASON CORPORATION SPF S.A.,is officer of
667757,King Salman bin Abdulaziz bin Abdulrahman Al Saud,354835,SAFASON CORPORATION,is officer of
667757,King Salman bin Abdulaziz bin Abdulrahman Al Saud,363838,SAFASON CORPORATION,is officer of
363838,SAFASON CORPORATION,130448,INROW CORPORATION,is officer of
476586,SHAF CORPORATION,130448,INROW CORPORATION,is officer of
476615,COSMOTIME CORPORATION,130448,INROW CORPORATION,is officer of
354836,SAFASON CORPORATION SPF S.A.,544707,"L-2086 Luxembourg 23 Avenue Monterey",registered address
354835,SAFASON CORPORATION,544707,"L-2086 Luxembourg 23 Avenue Monterey",registered address
354836,SAFASON CORPORATION SPF S.A.,10485,CRASSUS LIMITED,is officer of
354835,SAFASON CORPORATION,10485,CRASSUS LIMITED,is officer of
592702,RAWI & CO.,10485,CRASSUS LIMITED,registered
363839,SAFASON CORPORATION SPF S.A.,509189,"105A Luganskogo str Almaty Kazakhstan",registered address
363838,SAFASON CORPORATION,509189,"105A Luganskogo str Almaty Kazakhstan",registered address
363839,SAFASON CORPORATION SPF S.A.,7256,PARK PROPERTY LIMITED,is officer of
363838,SAFASON CORPORATION,7256,PARK PROPERTY LIMITED,is officer of
592702,RAWI & CO.,7256,PARK PROPERTY LIMITED,registered
363837,PARK PROPERTY LIMITED,7256,PARK PROPERTY LIMITED,is officer of
363837,PARK PROPERTY LIMITED,509189,"105A Luganskogo str Almaty Kazakhstan",registered address
667768,Mounir Majidi,108136,SMCD LIMITED,is officer of
593486,DEXTIMA CONSEILS S.A.,108136,SMCD LIMITED,registered
580756,HSBC PRIVATE BANK (SUISSE) S.A.,60322,SEADALE INTERNATIONAL CORPORATION,registered
580756,HSBC PRIVATE BANK (SUISSE) S.A.,214942,DORLING INTERNATIONAL LIMITED,registered
580756,HSBC PRIVATE BANK (SUISSE) S.A.,180522,POLTER INVESTMENTS INC.,registered
580756,HSBC PRIVATE BANK (SUISSE) S.A.,261132,RAMAK LTD.,registered
580756,HSBC PRIVATE BANK (SUISSE) S.A.,83987,LORIE LIMITED,registered
580756,HSBC PRIVATE BANK (SUISSE) S.A.,50332,DREX TECHNOLOGIES S.A.,registered
580756,HSBC PRIVATE BANK (SUISSE) S.A.,79778,CARA CORPORATION,registered
580756,HSBC PRIVATE BANK (SUISSE) S.A.,179421,HOXIM LANE MANAGEMENT CORP.,registered
310244,Mr. Rami MAKHLOUF,546367,MALKI AL-BEZEM STREET<br/>DAMASCUS<br/>SYRIAN ARAB REPUBLIC.,registered address
654193,Mr. Rami MAKHLOUF,546367,MALKI AL-BEZEM STREET<br/>DAMASCUS<br/>SYRIAN ARAB REPUBLIC.,registered address
310244,Mr. Rami MAKHLOUF,654193,Mr. Rami MAKHLOUF,has similar name and address as
373051,Hafez Makhlouf,536483,Doha<br/>Al Wajba Palace<br/>Qatar,registered address
590963,MOSSACK FONSECA & CO. (U.K.) LIMITED,14909,Eagle Trading & Contracting Limited,registered
310244,Mr. Rami MAKHLOUF,214942,DORLING INTERNATIONAL LIMITED,Power of Attorney
354495,RAMI MAKHLOUF,214942,DORLING INTERNATIONAL LIMITED,Power of Attorney
310244,Mr. Rami MAKHLOUF,214942,DORLING INTERNATIONAL LIMITED,Shareholder
310244,Mr. Rami MAKHLOUF,261132,RAMAK LTD.,Shareholder
310243,THE BEARER,261132,RAMAK LTD.,Shareholder
310242,THE BEARER,261132,RAMAK LTD.,Shareholder
310244,Mr. Rami MAKHLOUF,261132,RAMAK LTD.,Power of Attorney
354495,RAMI MAKHLOUF,261132,RAMAK LTD.,Power of Attorney
315956,MR. EHAB MAKHLOUF,529076,"Av. Mohedano Resid. Cascadas de Castellane Torre C Piso 3 Apto 3C Urb. La Castellana Chacao Caracas Venezuela",registered address
315956,MR. EHAB MAKHLOUF,179421,HOXIM LANE MANAGEMENT CORP.,Shareholder
314881,THE BEARER,180522,POLTER INVESTMENTS INC.,Shareholder
314880,THE BEARER,180522,POLTER INVESTMENTS INC.,Shareholder
310244,Mr. Rami MAKHLOUF,180522,POLTER INVESTMENTS INC.,Power of Attorney
354495,RAMI MAKHLOUF,180522,POLTER INVESTMENTS INC.,Power of Attorney
310244,Mr. Rami MAKHLOUF,79778,CARA CORPORATION,Director (Rami Makhlouf)
354495,RAMI MAKHLOUF,79778,CARA CORPORATION,Director (Rami Makhlouf)
312606,THE BEARER,79778,CARA CORPORATION,Shareholder
312605,THE BEARER,79778,CARA CORPORATION,Shareholder
312604,THE BEARER,79778,CARA CORPORATION,Shareholder
312607,THE BEARER,79778,CARA CORPORATION,Shareholder
353330,EHAB  MAKHLOUF,60322,SEADALE INTERNATIONAL CORPORATION,Shareholder
353666,EYAD MAKHLOUF,60322,SEADALE INTERNATIONAL CORPORATION,Shareholder
354466,HAFEZ  MAKHLOUF,60322,SEADALE INTERNATIONAL CORPORATION,Shareholder
313335,THE BEARER,60322,SEADALE INTERNATIONAL CORPORATION,Shareholder
313336,THE BEARER,60322,SEADALE INTERNATIONAL CORPORATION,Shareholder
354495,RAMI MAKHLOUF,60322,SEADALE INTERNATIONAL CORPORATION,Shareholder
313333,THE BEARER,60322,SEADALE INTERNATIONAL CORPORATION,Shareholder
313334,THE BEARER,60322,SEADALE INTERNATIONAL CORPORATION,Shareholder
373051,Hafez Makhlouf,14909,Eagle Trading & Contracting Limited,Director
354466,HAFEZ  MAKHLOUF,14909,Eagle Trading & Contracting Limited,Director
373051,Hafez Makhlouf,14909,Eagle Trading & Contracting Limited,Shareholder
310244,Mr. Rami MAKHLOUF,50332,DREX TECHNOLOGIES S.A.,Shareholder
654193,Mr. Rami MAKHLOUF,50332,DREX TECHNOLOGIES S.A.,Beneficiay
310244,Mr. Rami MAKHLOUF,50332,DREX TECHNOLOGIES S.A.,Director / Shareholder / Beneficial Owner
310244,Mr. Rami MAKHLOUF,83987,LORIE LIMITED,Power of Attorney
354495,RAMI MAKHLOUF,50332,DREX TECHNOLOGIES S.A.,Director / Shareholder / Beneficial Owner
354495,RAMI MAKHLOUF,83987,LORIE LIMITED,Power of Attorney
298040,JAVIER MOLINA BONILLA,540893,Doha<br/>Al Wajba Palace<br/>Qatar,registered address
583749,MOSSACK FONSECA & CO. (QUITO) LTD,125412,SEGAL LTD.,registered
583749,MOSSACK FONSECA & CO. (QUITO) LTD,275242,MOSSACK FONSECA & CO. (QUITO) LTD.,registered
583749,MOSSACK FONSECA & CO. (QUITO) LTD,124830,DEXFORD CORP.,registered
583749,MOSSACK FONSECA & CO. (QUITO) LTD,26032,INTECH CORP. INC.,registered
583749,MOSSACK FONSECA & CO. (QUITO) LTD,218578,YORKINGTON ASSETS LIMITED,registered
583749,MOSSACK FONSECA & CO. (QUITO) LTD,83045,ECUADOR CORPORATE INC.,registered
592105,DR. JAVIER MOLINA BONILLA,285914,Anhui International Supply Company Limited,registered
298040,JAVIER MOLINA BONILLA,125412,SEGAL LTD.,Shareholder
457628,JAVIER MOLINA,140772,PANAMERICAN GLOBAL HEALTH INC.,Shareholder
457628,JAVIER MOLINA,525336,"Al. Prymasa Tysiaclecia 93/4 01-242 Warsaw Poland",registered address
297892,JAVIER ESTEBAN MOLINA BONILLA,124830,DEXFORD CORP.,Shareholder
620232,JAVIER ESTEBAN MOLINA BONILLA,605754,YEPECUA CORP. LLC,Shareholder
582684,MOSSFON MANAGERS LTD.,1284,UCELLO GROUP LLC,registered
667750,Pedro Delgado,584613,"AUSTROBANK OVERSEAS ( PANAMÁ) S.A.",Grantee of a mortgage
593432,"VAN VUUREN ANTHONY JANSE",114885,NESCOLL LIMITED,registered
593432,"VAN VUUREN ANTHONY JANSE",162830,NIELSEN ENTERPRISES LIMITED,registered
655937,Mariam Safdar,162830,NIELSEN ENTERPRISES LIMITED,Beneficiay
662557,Mariam Safdar,114885,NESCOLL LIMITED,Beneficiay
655937,Mariam Safdar,662557,Mariam Safdar,has similar name and address as
288029,MINERVA NOMINEES LIMITED,114885,NESCOLL LIMITED,Shareholder
655937,Mariam Safdar,663078,Saroor Palace<br/>Bazoue al eman st<br/>Ruwais<br/>Jeddah<br/>Kingdom of Saudi Arabia.,registered address
662557,Mariam Safdar,664351,Saroor Palace<br/>Bazoue el eman el eman st<br/>Ruwais<br/>Jeddah<br/>Kingdom of Saudi Arabia.,registered address
667763,Mamadou Pouye,281770,SEABURY INC.,is officer of
667763,Mamadou Pouye,222255,LATVAE GROUP INC.,is officer of
467669,POUYE MAMADOU,222255,LATVAE GROUP INC.,is officer of
583381,HELENE MATHIEU LEGAL CONSULTANTS,281770,SEABURY INC.,registered
583381,HELENE MATHIEU LEGAL CONSULTANTS,222255,LATVAE GROUP INC.,registered
467669,POUYE MAMADOU,560357,PO BOX 50498 - Riyadh 11523 - Saudi Arabia,registered address
453647,THE BEARER,281770,SEABURY INC.,is officer of
453646,THE BEARER,281770,SEABURY INC.,is officer of
453645,THE BEARER,281770,SEABURY INC.,is officer of
453648,THE BEARER,281770,SEABURY INC.,is officer of
667734,Jaynet Désirée Kabila Kyungu,603136,KERATSU HOLDING LIMITED,is officer of
593176,INTERHOLD BANAS,603136,KERATSU HOLDING LIMITED,registered
652373,Petro Poroshenko,523451,9 Hrushevskoho Street<br/>ap. 37<br/>Kyiv<br/>Ukraine,registered address
582674,DR. K. CHRYSOSTOMIDES & CO.,207317,Prime Asset Partners Limited,registered
419080,Petro Poroshenko,523451,9 Hrushevskoho Street<br/>ap. 37<br/>Kyiv<br/>Ukraine,registered address
419080,Petro Poroshenko,652373,Petro Poroshenko,has similar name and address as
652373,Petro Poroshenko,207317,Prime Asset Partners Limited,Beneficiay
419080,Petro Poroshenko,207317,Prime Asset Partners Limited,Beneficial Owner
419080,Petro Poroshenko,207317,Prime Asset Partners Limited,Shareholder
586333,CREDIT SUISSE  CHANNEL ISLANDS    LIMITED,253517,PAN WORLD INVESTMENTS INC.,registered
656937,Alaa Mohamed Hosny Mubarak,253517,PAN WORLD INVESTMENTS INC.,Beneficiay
667745,Alaa Mubarak,253517,PAN WORLD INVESTMENTS INC.,Beneficial Owner
305614,THE BEARER,253517,PAN WORLD INVESTMENTS INC.,Shareholder
295221,Brock Nominees Limited,253517,PAN WORLD INVESTMENTS INC.,Shareholder
588461,GENEVA MANAGEMENT GROUP  SWITZERLAND  SA,95824,JAAR INVESTMENT LTD.,registered
594173,SYNTHESA MANAGEMENT S.A.,183658,Transmar Management Limited,registered
594173,SYNTHESA MANAGEMENT S.A.,94400,Genstar Investments Limited,registered
594173,SYNTHESA MANAGEMENT S.A.,150577,Oriental International Group Ltd.,registered
594173,SYNTHESA MANAGEMENT S.A.,250268,Jay Investment Holdings Ltd.,registered
593593,GMG CORPORATE SERVICES LTD.,185879,DESERTSTAR INVESTMENT CAPITAL LTD.,registered
344068,MR. ALI HUSEIN ABU-RAGHEB,525365,"amman 95111 jordan 950912",registered address
345111,MRS. EMAN ALI HUSSEIN ABU RAGHEB,576977,Um Uthiana / Amman / Jordan,registered address
345113,MRS. ZAINEH ALI HUSSEIN ABU RAGHEB,576977,Um Uthiana / Amman / Jordan,registered address
345112,MRS. SAMAR ALI HUSSEIN ABU RAGHEB,576977,Um Uthiana / Amman / Jordan,registered address
345108,MR. MOHAMMAD ALI HUSSEIN ABU RAGHEB,576977,Um Uthiana / Amman / Jordan,registered address
345107,MR. HASAN ALI HUSSEIN ABU RAGHEB,576977,Um Uthiana / Amman / Jordan,registered address
380589,MRS. YUSRA ABDUL RAHMAN MOHAMMED ABU-HASSAN,521276,"60 Westminster Gardens London SW1",registered address
380588,MR. ALI HUSSEIN MOHAMMED ABU-REGHEB,521276,"60 Westminster Gardens London SW1",registered address
493221,THE BEARER,521277,"60 Westminster Gardens London SW1",registered address
648268,MRS. YUSRA ALI ABU-RAGHEB,95824,JAAR INVESTMENT LTD.,Shareholder
344068,MR. ALI HUSEIN ABU-RAGHEB,95824,JAAR INVESTMENT LTD.,Shareholder
344068,MR. ALI HUSEIN ABU-RAGHEB,94400,Genstar Investments Limited,Director
344068,MR. ALI HUSEIN ABU-RAGHEB,183658,Transmar Management Limited,Director
344068,MR. ALI HUSEIN ABU-RAGHEB,250268,Jay Investment Holdings Ltd.,Director
344068,MR. ALI HUSEIN ABU-RAGHEB,150577,Oriental International Group Ltd.,Director
344068,MR. ALI HUSEIN ABU-RAGHEB,95824,JAAR INVESTMENT LTD.,Director
380588,MR. ALI HUSSEIN MOHAMMED ABU-REGHEB,94400,Genstar Investments Limited,Director
380588,MR. ALI HUSSEIN MOHAMMED ABU-REGHEB,183658,Transmar Management Limited,Director
380588,MR. ALI HUSSEIN MOHAMMED ABU-REGHEB,250268,Jay Investment Holdings Ltd.,Director
380588,MR. ALI HUSSEIN MOHAMMED ABU-REGHEB,150577,Oriental International Group Ltd.,Director
380588,MR. ALI HUSSEIN MOHAMMED ABU-REGHEB,95824,JAAR INVESTMENT LTD.,Director
380588,MR. ALI HUSSEIN MOHAMMED ABU-REGHEB,250268,Jay Investment Holdings Ltd.,Shareholder
380589,MRS. YUSRA ABDUL RAHMAN MOHAMMED ABU-HASSAN,250268,Jay Investment Holdings Ltd.,Shareholder
493016,THE BEARER,94400,Genstar Investments Limited,Shareholder
493020,THE BEARER,183658,Transmar Management Limited,Shareholder
493022,THE BEARER,183658,Transmar Management Limited,Shareholder
493021,THE BEARER,183658,Transmar Management Limited,Shareholder
493221,THE BEARER,150577,Oriental International Group Ltd.,Shareholder
345107,MR. HASAN ALI HUSSEIN ABU RAGHEB,185879,DESERTSTAR INVESTMENT CAPITAL LTD.,Shareholder
345108,MR. MOHAMMAD ALI HUSSEIN ABU RAGHEB,185879,DESERTSTAR INVESTMENT CAPITAL LTD.,Shareholder
345111,MRS. EMAN ALI HUSSEIN ABU RAGHEB,185879,DESERTSTAR INVESTMENT CAPITAL LTD.,Shareholder
345112,MRS. SAMAR ALI HUSSEIN ABU RAGHEB,185879,DESERTSTAR INVESTMENT CAPITAL LTD.,Shareholder
345113,MRS. ZAINEH ALI HUSSEIN ABU RAGHEB,185879,DESERTSTAR INVESTMENT CAPITAL LTD.,Shareholder
667740,Attan Shansonga,148184,DEBDEN INVESTMENTS LIMITED,is officer of
667740,Attan Shansonga,132650,STACEY INVESTMENT HOLDINGS LTD.,is officer of
667740,Attan Shansonga,71686,STARFLIGHT VENTURES LIMITED,is officer of
667740,Attan Shansonga,148184,DEBDEN INVESTMENTS LIMITED,is officer of
667740,Attan Shansonga,132650,STACEY INVESTMENT HOLDINGS LTD.,is officer of
588516,"CAVERSHAM CHARTERED CERTIFIED ACCOUNTANTS",132650,STACEY INVESTMENT HOLDINGS LTD.,registered
588516,"CAVERSHAM CHARTERED CERTIFIED ACCOUNTANTS",71686,STARFLIGHT VENTURES LIMITED,registered
588157,(PMA CLIENT) CISA TRUST COMPANY SA,148184,DEBDEN INVESTMENTS LIMITED,registered
331503,Mr Hashmukhrai Karsanji Makanji Rawal,537456,Doha<br/>Al Wajba Palace<br/>Qatar,registered address
587887,MERIDIAN CORPORATE SERVICES,57733,HENSON SERVICES LIMITED,registered
587887,MERIDIAN CORPORATE SERVICES,101476,INNOVATE GLOBAL LIMITED,registered
587887,MERIDIAN CORPORATE SERVICES,65174,FORRELL REAL ESTATE INC.,registered
587887,MERIDIAN CORPORATE SERVICES,92277,MONTAGUE REAL ESTATE S.A.,registered
587887,MERIDIAN CORPORATE SERVICES,203035,ARKLYN INTERNATIONAL LIMITED,registered
587887,MERIDIAN CORPORATE SERVICES,31289,WINDSOR LAND INVESTMENTS LIMITED,registered
587887,MERIDIAN CORPORATE SERVICES,25048,ACTARA INVESTMENTS LIMITED,registered
587887,MERIDIAN CORPORATE SERVICES,179891,QUINTESSA QUELLA HOLDINGS LIMITED,registered
587887,MERIDIAN CORPORATE SERVICES,259557,WINDSOR REAL ESTATE PARTNERS SA,registered
583530,QUORUM TRUST GROUP,16616,UBIQUE SERVICES LIMITED,registered
363928,HASMUKHARAI KARSANJI MAKANJI RAWAL,557482,"No. 318 Building K Huiyuan Apartment Asian Olympic Village Chaoyang District Beijing China",registered address
309354,MR. RAJESH KUMAR & MRS SHILPA RAJESH RAWAL,557869,P.O. Box 1312-00606 Nairobi (Kenya ),registered address
357071,HASMUKHRAI K RAWAL,557481,"No. 318 Building K Huiyuan Apartment Asian Olympic Village Chaoyang District Beijing China",registered address
361640,HASMUKHRAI RAWAL,557550,"No. 318 Building K Huiyuan Apartment Asian Olympic Village Chaoyang District Beijing China",registered address
320280,H K RAWAL,558531,P.O. Box 1312-00606 Nairobi (Kenya ),registered address
383392,VINAYAK K RADIA,559232,P. O. Box 413 / Ramallah  - Palestine,registered address
331503,Mr Hashmukhrai Karsanji Makanji Rawal,16616,UBIQUE SERVICES LIMITED,Director / Shareholder
331503,Mr Hashmukhrai Karsanji Makanji Rawal,65174,FORRELL REAL ESTATE INC.,Shareholder
357071,HASMUKHRAI K RAWAL,16616,UBIQUE SERVICES LIMITED,Director / Shareholder
383392,VINAYAK K RADIA,179891,QUINTESSA QUELLA HOLDINGS LIMITED,Shareholder
357071,HASMUKHRAI K RAWAL,179891,QUINTESSA QUELLA HOLDINGS LIMITED,Shareholder
357071,HASMUKHRAI K RAWAL,259557,WINDSOR REAL ESTATE PARTNERS SA,Shareholder
357071,HASMUKHRAI K RAWAL,25048,ACTARA INVESTMENTS LIMITED,Shareholder
320280,H K RAWAL,101476,INNOVATE GLOBAL LIMITED,Shareholder
309354,MR. RAJESH KUMAR & MRS SHILPA RAJESH RAWAL,57733,HENSON SERVICES LIMITED,Shareholder
497505,MR. HASMUKHRAI K. RAWAL,16616,UBIQUE SERVICES LIMITED,Director / Shareholder
497505,MR. HASMUKHRAI K. RAWAL,92277,MONTAGUE REAL ESTATE S.A.,Shareholder
363928,HASMUKHARAI KARSANJI MAKANJI RAWAL,16616,UBIQUE SERVICES LIMITED,Director / Shareholder
363928,HASMUKHARAI KARSANJI MAKANJI RAWAL,31289,WINDSOR LAND INVESTMENTS LIMITED,Shareholder
361640,HASMUKHRAI RAWAL,16616,UBIQUE SERVICES LIMITED,Director / Shareholder
361640,HASMUKHRAI RAWAL,203035,ARKLYN INTERNATIONAL LIMITED,Shareholder
382984,Nurali Aliyev,500833,"105A Luganskogo str Almaty Kazakhstan",registered address
586036,BCP ABOGADOS & SOLICITORS,259905,BALTIMORE ALLIANCE INC.,registered
419470,INVIGORATE GROUP LTD,525046,AKARA BLDG<br/>24 DE CASTRO STREET<br/>WICKHAMS CAY 1<br/>ROAD TOWN TORTOLA BVI,registered address
651513,NURALI ALIYEV,500833,"105A Luganskogo str Almaty Kazakhstan",registered address
590963,MOSSACK FONSECA & CO. (U.K.) LIMITED,164376,Alba International Holdings Ltd.,registered
382984,Nurali Aliyev,651513,NURALI ALIYEV,has similar name and address as
382984,Nurali Aliyev,259905,BALTIMORE ALLIANCE INC.,Member / Shareholder
382984,Nurali Aliyev,164376,Alba International Holdings Ltd.,Owner
382986,Greatex Trade & Invest Corp,259905,BALTIMORE ALLIANCE INC.,Shareholder
382984,Nurali Aliyev,259905,BALTIMORE ALLIANCE INC.,Shareholder
651513,NURALI ALIYEV,164376,Alba International Holdings Ltd.,Beneficiay
659264,ASKAR TARABAYEV,164376,Alba International Holdings Ltd.,Beneficiay
419470,INVIGORATE GROUP LTD,164376,Alba International Holdings Ltd.,Shareholder
382986,Greatex Trade & Invest Corp,572674,PO BOX 50498 - Riyadh 11523 - Saudi Arabia,registered address
586280,(GVA) BANQUE PASCHE CM-CIC PRIVATE BANKING,4264,CADLEY HOUSE LTD.,registered
484393,THE BEARER,500243,Imre KOKENYESI and Benedek Balint KOKENYESI,registered address
484392,THE BEARER,4264,CADLEY HOUSE LTD.,Shareholder
484391,THE BEARER,4264,CADLEY HOUSE LTD.,Shareholder
484390,THE BEARER,4264,CADLEY HOUSE LTD.,Shareholder
484393,THE BEARER,4264,CADLEY HOUSE LTD.,Shareholder
484391,THE BEARER,500243,Imre KOKENYESI and Benedek Balint KOKENYESI,registered address
484390,THE BEARER,500243,Imre KOKENYESI and Benedek Balint KOKENYESI,registered address
484392,THE BEARER,500243,Imre KOKENYESI and Benedek Balint KOKENYESI,registered address
667775,Jean-Claude N’Da Ametchi,4264,CADLEY HOUSE LTD.,Owner
653905,Sheikh Hamad Bibkhalifa Binhamad Al-Thani,535279,Doha<br/>Al Wajba Palace<br/>Qatar,registered address
464828,Sheikh Hamad Bibkhalifa Binhamad Al-Thani,535279,Doha<br/>Al Wajba Palace<br/>Qatar,registered address
464828,Sheikh Hamad Bibkhalifa Binhamad Al-Thani,653905,Sheikh Hamad Bibkhalifa Binhamad Al-Thani,has similar name and address as
586404,WILDGEN & PARTNERS,226781,YALIS S.A.,registered
586404,WILDGEN & PARTNERS,181835,AFRODILLE S.A.,registered
586404,WILDGEN & PARTNERS,190927,RIENNE S.A.,registered
653905,Sheikh Hamad Bibkhalifa Binhamad Al-Thani,226781,YALIS S.A.,Beneficiay
464828,Sheikh Hamad Bibkhalifa Binhamad Al-Thani,181835,AFRODILLE S.A.,Owner
464828,Sheikh Hamad Bibkhalifa Binhamad Al-Thani,190927,RIENNE S.A.,Owner
464828,Sheikh Hamad Bibkhalifa Binhamad Al-Thani,226781,YALIS S.A.,Owner
417090,HH Sheikh Hamad Bin Khalifa Bin Hamad al Thani,226781,YALIS S.A.,Owner
464828,Sheikh Hamad Bibkhalifa Binhamad Al-Thani,190927,RIENNE S.A.,Shareholder
464828,Sheikh Hamad Bibkhalifa Binhamad Al-Thani,226781,YALIS S.A.,Shareholder
651507,HH Sheikh Hamad Bin Khalifa Bin Hamad al Thani,181835,AFRODILLE S.A.,Beneficiay
417090,HH Sheikh Hamad Bin Khalifa Bin Hamad al Thani,181835,AFRODILLE S.A.,Owner
651507,HH Sheikh Hamad Bin Khalifa Bin Hamad al Thani,667158,Residing in Doha,registered address
417090,HH Sheikh Hamad Bin Khalifa Bin Hamad al Thani,181835,AFRODILLE S.A.,Shareholder
417090,HH Sheikh Hamad Bin Khalifa Bin Hamad al Thani,190927,RIENNE S.A.,Owner
417090,HH Sheikh Hamad Bin Khalifa Bin Hamad al Thani,525319,"Al. Prymasa Tysiaclecia 93/4 01-242 Warsaw Poland",registered address
652036,Sheikh Hamad Jassim J.M. Al-Thani,226781,YALIS S.A.,Beneficiay
464829,Sheikh Hamad Jassim J.M. Al-Thani,190927,RIENNE S.A.,Power of Attorney
464829,Sheikh Hamad Jassim J.M. Al-Thani,226781,YALIS S.A.,Power of Attorney / Shareholder
464829,Sheikh Hamad Jassim J.M. Al-Thani,535279,Doha<br/>Al Wajba Palace<br/>Qatar,registered address
652036,Sheikh Hamad Jassim J.M. Al-Thani,535279,Doha<br/>Al Wajba Palace<br/>Qatar,registered address
464829,Sheikh Hamad Jassim J.M. Al-Thani,190927,RIENNE S.A.,Shareholder
464829,Sheikh Hamad Jassim J.M. Al-Thani,226781,YALIS S.A.,Shareholder
464829,Sheikh Hamad Jassim J.M. Al-Thani,652036,Sheikh Hamad Jassim J.M. Al-Thani,has similar name and address as
464824,THE BEARER,190927,RIENNE S.A.,Shareholder
464827,THE BEARER,190927,RIENNE S.A.,Shareholder
464826,THE BEARER,190927,RIENNE S.A.,Shareholder
464825,THE BEARER,190927,RIENNE S.A.,Shareholder
465036,THE BEARER,226781,YALIS S.A.,Shareholder
465033,THE BEARER,226781,YALIS S.A.,Shareholder
465035,THE BEARER,226781,YALIS S.A.,Shareholder
465034,THE BEARER,226781,YALIS S.A.,Shareholder
389453,CHEUNG YU PING,13923,HARVEST SUN TRADING LIMITED,Shareholder
389454,LI Jasmine,13923,HARVEST SUN TRADING LIMITED,Shareholder
389454,LI Jasmine,13923,HARVEST SUN TRADING LIMITED,Shareholder
389454,LI Jasmine,537152,Doha<br/>Al Wajba Palace<br/>Qatar,registered address
581038,P & P SECRETARIAL MANAGEMENT LIMITED,13923,HARVEST SUN TRADING LIMITED,registered
389453,CHEUNG YU PING,553679,"No. 318 Building K Huiyuan Apartment Asian Olympic Village Chaoyang District Beijing China",registered address
587362,TRENACO COLOMBIA,177696,LINSTON PERFECT INVESTMENT LTD.,registered
587362,TRENACO COLOMBIA,249058,Speedfast Services Capital Limited,registered
587362,TRENACO COLOMBIA,97508,CORAL TRADING GLOBAL INC.,registered
587362,TRENACO COLOMBIA,265251,BURNSWICK HOLDINGS CORPORATION,registered
587362,TRENACO COLOMBIA,74678,GREENEAGLES ENTERPRISES INC.,registered
587362,TRENACO COLOMBIA,167964,CLOVER PALAIS MANAGEMENT LTD.,registered
587362,TRENACO COLOMBIA,148374,LASTING IMPACT INC.,registered
587362,TRENACO COLOMBIA,238872,GALAXY NIGHT WORLDWIDE INC.,registered
587362,TRENACO COLOMBIA,3562,PENGROVE FOUNDATION,registered
587362,TRENACO COLOMBIA,47850,ELFERS UNITED INC.,registered
587362,TRENACO COLOMBIA,5603,KENFORD FOUNDATION,registered
587362,TRENACO COLOMBIA,52240,CLAREVILLE CONSULTING INC.,registered
587362,TRENACO COLOMBIA,200179,TANBURY FOUNDATION,registered
587362,TRENACO COLOMBIA,205152,DANE TRADING INC.,registered
587362,TRENACO COLOMBIA,153699,CRAWLEY PORTFOLIO INC.,registered
661272,CARLOS ALBERTO GUTIERREZ ROBAYO,249058,Speedfast Services Capital Limited,Beneficiay
651505,CARLOS ALBERTO GUTIERREZ ROBAYO,265251,BURNSWICK HOLDINGS CORPORATION,Beneficiay
651505,CARLOS ALBERTO GUTIERREZ ROBAYO,74678,GREENEAGLES ENTERPRISES INC.,Beneficiay
651505,CARLOS ALBERTO GUTIERREZ ROBAYO,97508,CORAL TRADING GLOBAL INC.,Beneficiay
651505,CARLOS ALBERTO GUTIERREZ ROBAYO,167964,CLOVER PALAIS MANAGEMENT LTD.,Beneficiay
651505,CARLOS ALBERTO GUTIERREZ ROBAYO,177696,LINSTON PERFECT INVESTMENT LTD.,Beneficiay
651505,CARLOS ALBERTO GUTIERREZ ROBAYO,238872,GALAXY NIGHT WORLDWIDE INC.,Beneficiay
410006,CARLOS ALBERTO GUTIERREZ ROBAYO,265251,BURNSWICK HOLDINGS CORPORATION,Beneficial Owner
410006,CARLOS ALBERTO GUTIERREZ ROBAYO,74678,GREENEAGLES ENTERPRISES INC.,Beneficial Owner
410006,CARLOS ALBERTO GUTIERREZ ROBAYO,74678,GREENEAGLES ENTERPRISES INC.,Shareholder
410006,CARLOS ALBERTO GUTIERREZ ROBAYO,97508,CORAL TRADING GLOBAL INC.,Beneficial Owner
410006,CARLOS ALBERTO GUTIERREZ ROBAYO,249058,Speedfast Services Capital Limited,Beneficial Owner
410006,CARLOS ALBERTO GUTIERREZ ROBAYO,177696,LINSTON PERFECT INVESTMENT LTD.,Beneficial Owner
410006,CARLOS ALBERTO GUTIERREZ ROBAYO,167964,CLOVER PALAIS MANAGEMENT LTD.,Beneficial Owner
410006,CARLOS ALBERTO GUTIERREZ ROBAYO,52240,CLAREVILLE CONSULTING INC.,Beneficial Owner
410006,CARLOS ALBERTO GUTIERREZ ROBAYO,238872,GALAXY NIGHT WORLDWIDE INC.,Beneficial Owner
410006,CARLOS ALBERTO GUTIERREZ ROBAYO,47850,ELFERS UNITED INC.,Beneficial Owner
410006,CARLOS ALBERTO GUTIERREZ ROBAYO,153699,CRAWLEY PORTFOLIO INC.,Beneficial Owner
410006,CARLOS ALBERTO GUTIERREZ ROBAYO,205152,DANE TRADING INC.,Beneficial Owner
410006,CARLOS ALBERTO GUTIERREZ ROBAYO,3562,PENGROVE FOUNDATION,Beneficial Owner
407761,CARLOS ALBERTO GUTIERREZ ROBAYO,265251,BURNSWICK HOLDINGS CORPORATION,Beneficial Owner
407761,CARLOS ALBERTO GUTIERREZ ROBAYO,74678,GREENEAGLES ENTERPRISES INC.,Beneficial Owner
407761,CARLOS ALBERTO GUTIERREZ ROBAYO,97508,CORAL TRADING GLOBAL INC.,Beneficial Owner
407761,CARLOS ALBERTO GUTIERREZ ROBAYO,249058,Speedfast Services Capital Limited,Shareholder
407761,CARLOS ALBERTO GUTIERREZ ROBAYO,249058,Speedfast Services Capital Limited,Beneficial Owner
407761,CARLOS ALBERTO GUTIERREZ ROBAYO,177696,LINSTON PERFECT INVESTMENT LTD.,Beneficial Owner
407761,CARLOS ALBERTO GUTIERREZ ROBAYO,167964,CLOVER PALAIS MANAGEMENT LTD.,Beneficial Owner
407761,CARLOS ALBERTO GUTIERREZ ROBAYO,52240,CLAREVILLE CONSULTING INC.,Beneficial Owner
407761,CARLOS ALBERTO GUTIERREZ ROBAYO,238872,GALAXY NIGHT WORLDWIDE INC.,Beneficial Owner
407761,CARLOS ALBERTO GUTIERREZ ROBAYO,47850,ELFERS UNITED INC.,Beneficial Owner
407761,CARLOS ALBERTO GUTIERREZ ROBAYO,153699,CRAWLEY PORTFOLIO INC.,Beneficial Owner
407761,CARLOS ALBERTO GUTIERREZ ROBAYO,205152,DANE TRADING INC.,Beneficial Owner
407761,CARLOS ALBERTO GUTIERREZ ROBAYO,3562,PENGROVE FOUNDATION,Beneficial Owner
585287,ESTUDIO CHADICOV,193820,MERCIER INTERNATIONAL S.A.,registered
667758,Néstor Grindetti,193820,MERCIER INTERNATIONAL S.A.,Power of attorney
460599,EL PORTADOR,193820,MERCIER INTERNATIONAL S.A.,Shareholder
460600,EL PORTADOR,193820,MERCIER INTERNATIONAL S.A.,Shareholder
295053,MICHAEL MATES,575916,PO BOX 50498 - Riyadh 11523 - Saudi Arabia,registered address
590963,MOSSACK FONSECA & CO. (U.K.) LIMITED,148166,HAYLANDALE LIMITED,registered
295053,MICHAEL MATES,148166,HAYLANDALE LIMITED,Shareholder
590714,GOMEZ-ACEBO & POMBO ABOGADOS,39358,DELANTERA FINANCIERA S.A.,registered
667729,Pilar de Borbón,39358,DELANTERA FINANCIERA S.A.,Director
667729,Pilar de Borbón,39358,DELANTERA FINANCIERA S.A.,President
588376,MOSSACK FONSECA & CO. (PERU) CORP.,215525,TREI INVESTMENTS CORP.,registered
667735,César Almeyda,215525,TREI INVESTMENTS CORP.,Director
667735,César Almeyda,215525,TREI INVESTMENTS CORP.,Secretary
